PeakID,Putative.metabolite
neg_1,"2,4,6,8-tetramethyl-decanoic acid"
neg_2,2-Hexyldecanoic acid
neg_3,2Z-octadecenoic acid
neg_4,Gaidic acid
neg_5,NA
neg_6,PG(16:0/18:1(9Z))[U]
neg_7,
neg_8,NA
neg_9,NA
neg_10,2-Dodecylbenzenesulfonic acid
neg_11,"PG(16:0/18:2(9Z,12Z))"
neg_12,NA
neg_13,NA
neg_14,NA
neg_15,NA
neg_16,NA
neg_17,NA
neg_18,2-Chloromaleylacetate
neg_19,PE(18:1(9Z)/0:0)
neg_20,"2,3-Dihydrothiophene"
neg_21,"9,10-dihydroxy-12-octadecenoic acid"
neg_22,9-hydroxy-12Z-octadecenoic acid
neg_23,NA
neg_24,CARYLOPHYLLENE OXIDE
neg_25,Mannitol
neg_26,NA
neg_27,S-(4-Bromophenyl)-mercaptopyruvate
neg_28,NA
neg_29,D-Glycerol 1-phosphate
neg_30,N-Undecylbenzenesulfonic acid
neg_31,NA
neg_32,NA
neg_33,PG(16:0/16:1(9Z))
neg_34,Sodium nitroprusside dihydrate
neg_35,Glutamate
neg_36,PE(16:0/0:0)
neg_37,NA
neg_38,Phosphatidyl glycerol
neg_39,NA
neg_40,PG(18:1(9Z)/18:1(9Z))[U]
neg_41,NA
neg_42,NA
neg_43,DIBUTYL SUBERATE
neg_44,Lys Arg Thr Thr
neg_45,"PE(16:0/18:2(9Z,12Z))"
neg_46,PE(18:1(9Z)/0:0)
neg_47,4-methyl-octanoic acid
neg_48,"5Z,12Z-otadecadienoic acid"
neg_49,7-Methylthioheptanaldoxime
neg_50,NA
neg_51,Oltipraz
neg_52,Suvorexant
neg_53,NA
neg_54,NA
neg_55,10-methyl-9-hexadecenoic acid
neg_56,Imipramine hydrochloride
neg_57,4-Hydroxy-5-methyl-3(2H)-thiophenone
neg_58,Ambrettolic acid
neg_59,(&plusmn;)9-HODE
neg_60,S-Methylthioglycolate
neg_61,
neg_62,
neg_63,Phosphoric acid
neg_64,NA
neg_65,10-methylene-octadecanoic acid
neg_66,NA
neg_67,NA
neg_68,NA
neg_69,Halacrinate
neg_70,Isolauric acid
neg_71,NA
neg_72,"3,7,11-trimethyl-dodecanoic acid"
neg_73,
neg_74,Uric acid
neg_75,sn-glycero-3-phosphoethanolamine
neg_76,Thiodiacetic acid
neg_77,PE(16:0/0:0)
neg_78,0
neg_79,Methoprene acid
neg_80,NA
neg_81,"PG(13:0/22:2(13Z,16Z))"
neg_82,2-hydroxy caproaldehyde
neg_83,Dimercaprol
neg_84,PC(O-11:1(10E)/2:0)
neg_85,NA
neg_86,NA
neg_87,PC(18:0/11:1(10E))
neg_88,NA
neg_89,NA
neg_90,(??)9-HODE
neg_91,PG(13:0/20:1(11Z))
neg_92,NA
neg_93,Benzoic acid
neg_94,O-Phosphorylethanolamine
neg_95,2-Dodecylbenzenesulfonic acid
neg_96,Silicic acid
neg_97,NA
neg_98,NA
neg_99,Salicylic acid
neg_100,Phosphoric acid
neg_101,NA
neg_102,
neg_103,NA
neg_104,"(3?,5?,8?,9?,10?,16?)-16-Hydroxykauran-3-yl ?-D-glucopyranoside"
neg_105,2-Dodecylbenzenesulfonic acid
neg_106,NA
neg_107,"5&beta;-Cholestane-2&beta;,3&alpha;,7&alpha;,12&alpha;,26,27-hexol"
neg_108,Imipramine hydrochloride
neg_109,NA
neg_110,NA
neg_111,
neg_112,methylheptenone
neg_113,NA
neg_114,NA
neg_115,
neg_116,Deoxyguanosine diphosphate (dGDP)
neg_117,Potassium 2-(1&#39;-ethoxy) ethoxypropanoate
neg_118,2-ethyl-2-methyl valeric ccid
neg_119,NA
neg_120,"(17Z)-1&alpha;,25-dihydroxy-26,27-dimethyl-17,20,22,22,23,23-hexadehydrovitamin D3 / (17Z)-1&alpha;,25-dihydroxy-26,27-dimethyl-17,20,22,22,23,23-hexadehydrocholecalciferol"
neg_121,2-Dodecylbenzenesulfonic acid
neg_122,boric acid
neg_123,
neg_124,Chloroform
neg_125,NA
neg_126,Cardiospermin
neg_127,NA
neg_128,Chloroform
neg_129,3-((3-Cholamidopropyl)dimethylammonium)-1-propanesulfonate
neg_130,Gly Lys Lys Pro
neg_131,NA
neg_132,
neg_133,NA
neg_134,N-Undecylbenzenesulfonic acid
neg_135,Chloroacetaldehyde
neg_136,NA
neg_137,(&plusmn;)5-HETE Lactone
neg_138,2-hydroxy caproaldehyde
neg_139,Flavin adenine dinucleotide (FAD)
neg_140,"cis-2-Chloro-4-carboxymethylenebut-2-en-1,4-olide"
neg_141,NADIDE
neg_142,N-Cyclohexanecarbonylpentadecylamine
neg_143,
neg_144,(&plusmn;)-2-Methylbutyric acid
neg_145,PE-NMe(16:0/18:1(9Z))[U]
neg_146,0
neg_147,(&plusmn;)-2-Methylbutyric acid
neg_148,L-Aspartic Acid
neg_149,D-Mannitol
neg_150,Chloroacetaldehyde
neg_151,NA
neg_152,2-Dodecylbenzenesulfonic acid
neg_153,CARYLOPHYLLENE OXIDE
neg_154,NA
neg_155,Uracil
neg_156,NA
neg_157,NA
neg_158,PE(18:1(9Z)/18:1(9Z))[U]
neg_159,2-Dodecylbenzenesulfonic acid
neg_160,2-Dodecylbenzenesulfonic acid
neg_161,2-Iodophenol methyl ether
neg_162,2-Dodecylbenzenesulfonic acid
neg_163,2-Dodecylbenzenesulfonic acid
neg_164,Sannamycin B
neg_165,NA
neg_166,2-Dodecylbenzenesulfonic acid
neg_167,DIBEKACIN
neg_168,NA
neg_169,NA
neg_170,Magnoshinin
neg_171,Stearic Acid ethyl ester
neg_172,2-Dodecylbenzenesulfonic acid
neg_173,Pyrroline hydroxycarboxylic acid
neg_174,Sulfuric acid
neg_175,L-Isoleucine
neg_176,NA
neg_177,Citrulline
neg_178,NA
neg_179,
neg_180,Oxprenolol
neg_181,NA
neg_182,NA
neg_183,"3E,9Z,12Z-octadecatrienoic acid"
neg_184,4-keto myristic acid
neg_185,TBS-Corey Lactone Aldehyde
neg_186,2-tetradecenoic acid
neg_187,3-HYDROXY-4-(SUCCIN-2-YL)-CARYOLANE delta-LACTONE
neg_188,"4,6-Dihydroxy-5a-methyl-3-methylene-2-oxododecahydronaphtho[1,2-b]furan-9-carbaldehyde"
neg_189,Ornithine
neg_190,TBS-Corey Lactone Aldehyde
neg_191,PE(18:1(9Z)/16:0)
neg_192,2-Dodecylbenzenesulfonic acid
neg_193,NA
neg_194,Secobarbital
neg_195,"EPOXY (1,11)HUMULENE"
neg_196,8-methyl Nonanoic acid
neg_197,Pyrroline hydroxycarboxylic acid
neg_198,NA
neg_199,NA
neg_200,NA
neg_201,LP 12 hydrochloride hydrate
neg_202,hydrocinnamic acid
neg_203,NA
neg_204,"7-hydroxy-10E,16-heptadecadien-8-ynoic acid"
neg_205,NA
neg_206,3R-hydroxy-5Z-dodecenoic acid
neg_207,trifluoroacetic acid
neg_208,NA
neg_209,2-Dodecylbenzenesulfonic acid
neg_210,NA
neg_211,PS(O-16:0/20:1(11Z))
neg_212,2-Dodecylbenzenesulfonic acid
neg_213,NA
neg_214,
neg_215,N-Undecylbenzenesulfonic acid
neg_216,NA
neg_217,NA
neg_218,Pyrophosphate
neg_219,"PC(14:0/18:2(11Z,14Z))"
neg_220,PG(15:0/15:0)[U]
neg_221,Glutamate
neg_222,Cervonyl carnitine
neg_223,NA
neg_224,PG(16:1(9Z)/16:1(9Z))
neg_225,NA
neg_226,NA
neg_227,NA
neg_228,NA
neg_229,NA
neg_230,S-(4-Bromophenyl)-mercaptopyruvate
neg_231,D-Glycerol 1-phosphate
neg_232,NA
neg_233,NA
neg_234,NA
neg_235,NA
neg_236,NA
neg_237,NA
neg_238,NA
neg_239,N-Undecylbenzenesulfonic acid
neg_240,Cycasin
neg_241,NA
neg_242,Carindone
neg_243,NA
neg_244,NA
neg_245,NA
neg_246,NA
neg_247,NA
neg_248,NA
neg_249,NA
neg_250,PC(12:0/18:1(9Z))
neg_251,cis-&alpha;-octenoic acid
neg_252,Istamycin C0
neg_253,Succinic acid
neg_254,NA
neg_255,PI(16:0/0:0)
neg_256,Chloroacetaldehyde
neg_257,Dichloromethane
neg_258,NA
neg_259,NA
neg_260,NA
neg_261,NA
neg_262,Dichloromethane
neg_263,Chloroacetaldehyde
neg_264,NA
neg_265,Sulfuric acid
neg_266,Xanthine
neg_267,(S)C(S)S-S-Methylcysteine sulfoxide
neg_268,PG(16:1(9Z)/0:0)
neg_269,
neg_270,NA
neg_271,Diethylene glycol
neg_272,Cardiospermin
neg_273,Antillatoxin B (red color)
neg_274,Haplophytine
neg_275,Furmecyclox
neg_276,Dimethylsulfide
neg_277,NA
neg_278,NA
neg_279,
neg_280,
neg_281,N-Undecylbenzenesulfonic acid
neg_282,Glycinoprenol 11
neg_283,Dibutyl adipate
neg_284,Lys Lys Pro Trp
neg_285,N-Undecylbenzenesulfonic acid
neg_286,NA
neg_287,NA
neg_288,NA
neg_289,Guanosine 5&prime;-diphosphate (GDP)
neg_290,1-ACYL-PAF
neg_291,NA
neg_292,Methyl 2-propenyl selenide
neg_293,2R-methyl-dodecanoic acid
neg_294,NA
neg_295,NA
neg_296,
neg_297,Flavine mononucleotide (FMN)
neg_298,NA
neg_299,Methyl 2-propenyl selenide
neg_300,N-Undecylbenzenesulfonic acid
neg_301,"1,13-Dihydroxy-herbertene"
neg_302,4-keto-n-caproic acid
neg_303,N-Undecylbenzenesulfonic acid
neg_304,NA
neg_305,
neg_306,NA
neg_307,
neg_308,N-Undecylbenzenesulfonic acid
neg_309,NA
neg_310,NA
neg_311,NA
neg_312,NA
neg_313,L-Tyrosine
neg_314,Chloroacetaldehyde
neg_315,(+)-16-methyl stearic acid
neg_316,N-Undecylbenzenesulfonic acid
neg_317,ADP-ribose
neg_318,NA
neg_319,PGF2&alpha;-11-acetate
neg_320,N-Undecylbenzenesulfonic acid
neg_321,L-Phenylalanine
neg_322,Apionic acid
neg_323,Nicotinamide Adenine Dinucleotide Phosphate (NADP+)
neg_324,NA
neg_325,NA
neg_326,2-Keto-n-heptylic acid
neg_327,Malic acid
neg_328,NA
neg_329,N-methylundec-10-enamide
neg_330,Leucrose
neg_331,"Idebenone Metabolite (1,4-Benzenediol, 2-(10-hydroxydecyl)-5,6-dimethoxy-3-methyl-)"
neg_332,NA
neg_333,NA
neg_334,"(+)-7-epi--9,10-dihydrojasmonic acid"
neg_335,0
neg_336,PC(O-19:0/22:0)
neg_337,5-Chloro-6-methoxymellein
neg_338,N-Undecylbenzenesulfonic acid
neg_339,4-amino-4-deoxy-alpha-L-arabinopyranosyl undecaprenyl phosphate
neg_340,Piperonyl sulfoxide
neg_341,NA
neg_342,Glucaric acid lactone
neg_343,NA
neg_344,NA
neg_345,NA
neg_346,2-METHYL-3-HYDROXYETHYLENEPYRAN-4-ONE
neg_347,NA
neg_348,HEPTAMINOL
neg_349,N-Undecylbenzenesulfonic acid
neg_350,D-Glucose 6-phosphate
neg_351,NA
neg_352,
neg_353,NA
neg_354,NA
neg_355,Adenosine triphosphate (ATP)
neg_356,"PG(16:0/20:3(5Z,8Z,11Z))"
neg_357,0
neg_358,Glycyl-L-leucine
neg_359,2-keto-n-caprylic acid
neg_360,beta-D-Glucosamine
neg_361,NA
neg_362,NA
neg_363,Glyceric acid
neg_364,PE(22:0/24:0)[U]
neg_365,NA
neg_366,NA
neg_367,"PS(O-16:0/20:2(11Z,14Z))"
neg_368,NA
neg_369,"TG(18:3(9Z,12Z,15Z)/18:3(9Z,12Z,15Z)/20:4(5Z,8Z,11Z,14Z))[iso3]"
neg_370,2-hydroxy capric acid
neg_371,NA
neg_372,TG(17:1(9Z)/17:1(9Z)/17:1(9Z))
neg_373,Meprobamate
neg_374,"9-hydroperoxy-10E,12-octadecadienoic acid"
neg_375,NA
neg_376,CB 1954
neg_377,3'-Phosphoadenylyl sulfate (PAPS)
neg_378,N-Undecylbenzenesulfonic acid
neg_379,Ionomycin
neg_380,D-2-Aminobutyric acid
neg_381,"1H-Purine-2,6(3H,7H)-dione, 1,3,7-trimethyl-8-propoxy-"
neg_382,5-Methylcytosine
neg_383,NA
neg_384,N-Undecylbenzenesulfonic acid
neg_385,2-Methylerythritol
neg_386,
neg_387,NA
neg_388,2-lauroleic acid
neg_389,
neg_390,Citrulline
neg_391,
neg_392,D-Glucuronic acid
neg_393,NA
neg_394,Phe Arg Arg Val
neg_395,NA
neg_396,NA
neg_397,NA
neg_398,Botrydial
neg_399,Embelin
neg_400,NA
neg_401,
neg_402,C75
neg_403,NA
neg_404,
neg_405,sn-glycero-3-phosphoethanolamine
neg_406,NA
neg_407,PE(16:1(9Z)/16:1(9Z))[U]
neg_408,NA
neg_409,NA
neg_410,4R-aminopentanoic acid
neg_411,NA
neg_412,Epibatidine
neg_413,Sanchinoside B1
neg_414,Embelin
neg_415,PG(13:0/17:1(9Z))
neg_416,"LysoPE(0:0/18:2(9Z,12Z))"
neg_417,"9H-Purine-6-thiol, 9-(tetrahydro-2-furyl)-"
neg_418,
neg_419,NA
neg_420,4R-aminopentanoic acid
neg_421,
neg_422,NA
neg_423,NA
neg_424,
neg_425,NA
neg_426,NA
neg_427,0
neg_428,(+)-Chlorpheniramine maleate
neg_429,NA
neg_430,NA
neg_431,NA
neg_432,NA
neg_433,Phenylacetic acid
neg_434,7-Oxo-11-dodecenoic acid
neg_435,PS(O-16:0/17:1(9Z))
neg_436,NA
neg_437,HEPTAMINOL
neg_438,2-Deoxyribofuranose 1-phosphate
neg_439,
neg_440,0
neg_441,NA
neg_442,NA
neg_443,Potassium 2-(1&#39;-ethoxy) ethoxypropanoate
neg_444,"(RS)-4-CHLORO-3,5-DIHYDROXYPHENYLGLYCINE"
neg_445,
neg_446,NA
neg_447,Caproaldehyde
neg_448,Iodoacetic acid
neg_449,"Cyclic 2,3-bisphospho-D-glycerate"
neg_450,L-Aspartic Acid
neg_451,
neg_452,Bromobenzene
neg_453,D-Glycerate 3-phosphate
neg_454,NA
neg_455,NA
neg_456,NA
neg_457,"PG(13:0/20:2(11Z,14Z))"
neg_458,NA
neg_459,Diethyl tartrate
neg_460,Garcinol
neg_461,NA
neg_462,Deoxythymidine diphosphate-l-rhamnose
neg_463,
neg_464,
neg_465,3-Deoxy-D-manno-octulosonate
neg_466,Flavin adenine dinucleotide (FAD)
neg_467,NA
neg_468,Oxalosuccinic acid
neg_469,NA
neg_470,NA
neg_471,PS(O-18:0/17:0)
neg_472,NA
neg_473,NA
neg_474,Dimethylenetriurea
neg_475,NA
neg_476,0
neg_477,Ammonium bicarbonate
neg_478,15d-PGA2
neg_479,Thiotropocin
neg_480,NA
neg_481,Uracil
neg_482,NA
neg_483,Imipramine hydrochloride
neg_484,
neg_485,Gluconic acid
neg_486,NA
neg_487,Mosesin 4
neg_488,Liquid thiophthene
neg_489,Imipramine hydrochloride
neg_490,Licoricesaponin B2
neg_491,
neg_492,Diethylene glycol
neg_493,"2,4-Dichlorotoluene"
neg_494,Iodoacetic acid
neg_495,NA
neg_496,NA
neg_497,"2,3-Dimethylsuccinic acid"
neg_498,5'-CMP
neg_499,NA
neg_500,NA
neg_501,
neg_502,Dicofol
neg_503,Octisalate
neg_504,NA
neg_505,Gluconic acid
neg_506,NA
neg_507,UDP-N-acetyl-D-galactosamine
neg_508,NA
neg_509,"GlcCer(d15:2(4E,6E)/22:0(2OH))"
neg_510,Selenocystine
neg_511,
neg_512,Lys Lys Tyr Tyr
neg_513,
neg_514,Thiotropocin
neg_515,NA
neg_516,NA
neg_517,NA
neg_518,Liquid thiophthene
neg_519,NA
neg_520,Gly Ser Ser Tyr
neg_521,Uridine monophosphate (UMP)
neg_522,NA
neg_523,trifluoroacetic acid
neg_524,PE(18:0/12:0)[U]
neg_525,NA
neg_526,Tiludronate Disodium
neg_527,Leucrose
neg_528,NA
neg_529,NA
neg_530,NA
neg_531,Tiludronate Disodium
neg_532,NO-711 hydrochloride
neg_533,NA
neg_534,
neg_535,clioquinol
neg_536,NA
neg_537,Ile Lys Gly
neg_538,NA
neg_539,Steryl sulfate
neg_540,PS(O-16:0/13:0)
neg_541,NA
neg_542,Pyrroline hydroxycarboxylic acid
neg_543,NA
neg_544,NA
neg_545,
neg_546,Trichloronat
neg_547,
neg_548,NA
neg_549,
neg_550,"1&beta;,3&alpha;,7&alpha;,12&alpha;-Tetrahydroxy-5&beta;-cholan-24-oic Acid"
neg_551,NA
neg_552,NA
neg_553,
neg_554,&alpha;-D-Glucose
neg_555,NA
neg_556,
neg_557,CARBACHOL
neg_558,Asp Arg Arg Tyr
neg_559,L-Tyrosine
neg_560,NA
neg_561,"2-Benzoxazolinethione, 5-phenyl-"
neg_562,Terephthalic acid
neg_563,9R-hydroxy-2E-decenoic acid
neg_564,NA
neg_565,clioquinol
neg_566,NA
neg_567,DGCC(16:0/20:5)
neg_568,NA
neg_569,NA
neg_570,NADIDE
neg_571,NA
neg_572,
neg_573,5-O-Methylembelin
neg_574,URIDINE-5'-DIPHOSPHATE NA
neg_575,PGK2
neg_576,3-O-trans-Feruloyleuscaphic acid
neg_577,NA
neg_578,0
neg_579,Vignatic acid B
neg_580,Deoxyadenosine diphosphate (dADP)
neg_581,NA
neg_582,NA
neg_583,
neg_584,NA
neg_585,"13-Hydroxy-6-(1-hydroxyethyl)-9-isopropyl-12,14-dimethyl-3-methylene-15-nonyl-1-oxa-4,7,10-triazacyclopentadecane-2,5,8,11-tetrone"
neg_586,NA
neg_587,L-Methionine
neg_588,NA
neg_589,
neg_590,NA
neg_591,
neg_592,NA
neg_593,NA
neg_594,PS(O-16:0/15:0)
neg_595,Salicylic acid
neg_596,8-Hydroxyageraphorone
neg_597,Precorrin 6Y
neg_598,NA
neg_599,ATPA
neg_600,NA
neg_601,Dodecaprenyl phosphate-galacturonic acid
neg_602,NA
neg_603,dTMP
neg_604,SAHA
neg_605,Deoxyadenosine monophosphate
neg_606,Oxalic acid
neg_607,NA
neg_608,NA
neg_609,Chloroacetaldehyde
neg_610,NA
neg_611,Ser Arg Gly
neg_612,NA
neg_613,2-Thiophenethiol
neg_614,NA
neg_615,5-Methylcytosine
neg_616,L-beta-aspartyl-L-leucine
neg_617,NA
neg_618,NA
neg_619,L-Serine
neg_620,NA
neg_621,NA
neg_622,"beta-2,3,5,6-Tetrachloro-1,4-cyclohexanediol"
neg_623,Thiosulfic acid
neg_624,NA
neg_625,"(+)-7-epi--9,10-dihydrojasmonic acid"
neg_626,"2,4-Dichlorotoluene"
neg_627,
neg_628,NA
neg_629,"octane-1,2-diol"
neg_630,NA
neg_631,Dicyclohexylamine
neg_632,
neg_633,"Imidazo[1,2-a]pyridinium, 2,2'-[1,4-phenylenebis(carbonyl- 2-hydrazinyl-1-ylidene-2-propenylidene-4,1-phenylene)]bis [1-methyl-, salt with 4-methylbenzenesulfonic acid (1:2)"
neg_634,Fungichromin
neg_635,NA
neg_636,NA
neg_637,"Cysteine-Mesna Disulfide (L-Alanine, 3-[(2-sulfoethyl)dithio]-)"
neg_638,NA
neg_639,NA
neg_640,1-(8-[3]-ladderane-octanyl)-2-(8-[3]-ladderane-octanyl)-sn-glycerophosphocholine
neg_641,Meprobamate
neg_642,Guanidylic acid (guanosine monophosphate)
neg_643,Phe Arg Arg Thr
neg_644,S-(4-Bromophenyl)-mercaptopyruvate
neg_645,4R-methyl-hexadecanoic acid
neg_646,2-hydroxy enanthoic acid
neg_647,Phosphoroselenoic acid
neg_648,NA
neg_649,Glucosamine-1P
neg_650,NA
neg_651,1-AMINOCYCLOBUTANE CARBOXYLIC ACID
neg_652,NA
neg_653,NA
neg_654,NA
neg_655,NA
neg_656,NA
neg_657,NA
neg_658,2-(hydroxymethyl)-Pyrimidine
neg_659,NA
neg_660,2R-methyl-dodecanoic acid
neg_661,NA
neg_662,O-Phosphorylethanolamine
neg_663,NA
neg_664,L-Histidine
neg_665,NA
neg_666,NA
neg_667,NA
neg_668,4-Heptyloxyphenol
neg_669,trifluoroacetic acid
neg_670,2-Amino-2-Norbornanecarboxylic acid
neg_671,NA
neg_672,NA
neg_673,NA
neg_674,Disodium succinate
neg_675,Sulfoacetic acid
neg_676,
neg_677,"12-oxo-5Z,8Z,10E,14Z-eicosatetraenoic acid"
neg_678,
neg_679,
neg_680,DG(24:0/24:0/0:0)
neg_681,methyl 2-Pyrimidine Carboxylate
neg_682,
neg_683,NA
neg_684,Clomipramine
neg_685,Mannitol
neg_686,NA
neg_687,Chloroform
neg_688,NA
neg_689,
neg_690,"6-Chlorobenzene-1,2,4-triol"
neg_691,NA
neg_692,NA
neg_693,Acetyl-CoA
neg_694,2-METHYL-3-HYDROXYETHYLENEPYRAN-4-ONE
neg_695,hydrocinnamic acid
neg_696,Ala Met Asn Gln
neg_697,NA
neg_698,NA
neg_699,NA
neg_700,NA
neg_701,NA
neg_702,NA
neg_703,
neg_704,
neg_705,NA
neg_706,
neg_707,
neg_708,NA
neg_709,NA
neg_710,3-NOR-3-OXOPANASINSAN-6-OL
neg_711,3-((3-Cholamidopropyl)dimethylammonium)-1-propanesulfonate
neg_712,NA
neg_713,"13,14-dihydro-15-keto-PGA2"
neg_714,
neg_715,
neg_716,NA
neg_717,NA
neg_718,Neuraminic acid
neg_719,NA
neg_720,Secobarbital
neg_721,NA
neg_722,NA
neg_723,
neg_724,"s-Triazolo[4,3-a]pyridine, 3,5,7-trimethyl-"
neg_725,Chloroacetic acid
neg_726,NA
neg_727,Bromobenzene
neg_728,NA
neg_729,Phosphoric acid
neg_730,Chloroform
neg_731,Clomethiazole
neg_732,
neg_733,Pifithrin-mu
neg_734,NA
neg_735,Sulfamoyldapsone
neg_736,NA
neg_737,NA
neg_738,NA
neg_739,Phe Tyr Phe Lys Ile
neg_740,NA
neg_741,"9-Fluoro-11beta-hydroxypregna-4,16-diene-3,20-dione"
neg_742,NA
neg_743,Benzyl benzoate
neg_744,NA
neg_745,NA
neg_746,METHIONAL
neg_747,NA
neg_748,"2,2-Dimethyl-3-(4-methoxyphenyl)-4-propyl-2H-1-benzopyran-7-ol acetate"
neg_749,Arphamenine A hemisulfate salt
neg_750,NA
neg_751,NA
neg_752,NA
neg_753,Glu Leu
neg_754,"2-nonene-4,6,8-triynal"
neg_755,7-Chloroemodin
neg_756,NA
neg_757,NA
neg_758,NA
neg_759,"1,5-Isoquinolinediol"
neg_760,3-NOR-3-OXOPANASINSAN-6-OL
neg_761,NA
neg_762,NA
neg_763,0
neg_764,NA
neg_765,
neg_766,"26-Glucosyl-1,3,11,22-tetrahydroxyergosta-5,24-dien-26-oate"
neg_767,NA
neg_768,NA
neg_769,
neg_770,Adenine
neg_771,NA
neg_772,Deoxyguanosine diphosphate (dGDP)
neg_773,NA
neg_774,NA
neg_775,NA
neg_776,NA
neg_777,Quadrigemine A
neg_778,NA
neg_779,TROMETHAMINE
neg_780,"(3?,5?,8?,9?,10?,16?)-16-Hydroxykauran-3-yl ?-D-glucopyranoside"
neg_781,Demethylphosphinothricin
neg_782,
neg_783,NA
neg_784,NA
neg_785,NA
neg_786,Lys Arg Trp Trp
neg_787,
neg_788,NA
neg_789,NA
neg_790,PI-Cer(t18:0/16:0)
neg_791,
neg_792,0
neg_793,
neg_794,NA
neg_795,3-O-Methylisoetharine
neg_796,NA
neg_797,NA
neg_798,NA
neg_799,(E)-4-Isothiocyanato-1-(methylthio)-1-butene
neg_800,Unoprostone isopropyl ester
neg_801,
neg_802,NA
neg_803,Cartilagineal
neg_804,NA
neg_805,2-Chloromaleylacetate
neg_806,
neg_807,D-2-Aminobutyric acid
neg_808,NA
neg_809,DACTHAL
neg_810,"1,3-Dimethyl-8-phenylxanthine"
neg_811,NA
neg_812,cis-Jasmone
neg_813,NA
neg_814,NA
neg_815,NA
neg_816,
neg_817,NA
neg_818,L-Threonine
neg_819,GERANYLGERANOIC ACID
neg_820,
neg_821,Benzyl alcohol
neg_822,NA
neg_823,Nicotianamine
neg_824,NA
neg_825,Dihydrouracil
neg_826,NA
neg_827,NA
neg_828,9-Methyl-7-bromoeudistomin D
neg_829,NA
neg_830,
neg_831,Oltipraz
neg_832,"5-Acetyl-2,4-dimethylthiazole"
neg_833,I-Methyl-4-nitro-5-thio-imidazole
neg_834,Homocapsaicin
neg_835,Dihydroclavaminic acid
neg_836,"12(S),20-DiHETE"
neg_837,
neg_838,R-(+)-7-Hydroxy-DPAT hydrobromide
neg_839,NA
neg_840,NA
neg_841,NA
neg_842,Phenylmethyl methyl ketone
neg_843,NA
neg_844,"2-(Fluoromethoxy)-1,1,3,3,3-pentafluoro-1-propene (Compound A)"
neg_845,NA
neg_846,4-Heptyloxyphenol
neg_847,"3-Ethyl-1,2-cyclopentanedione"
neg_848,NA
neg_849,NA
neg_850,NA
neg_851,NA
neg_852,A 438079
neg_853,NA
neg_854,NA
neg_855,NA
neg_856,NA
neg_857,
neg_858,NA
neg_859,2-Oxo-4-methylthiobutanoic acid
neg_860,
neg_861,omega-hydroxy myristic acid
neg_862,Lys Thr Ile Thr Leu
neg_863,"(S)-N-[3-(3,4-Methylenedioxyphenyl)-2-(acetylthio)methyl-1-oxoprolyl]-(S)-alanine benzyl ester"
neg_864,"1-Acetyl-3,14,20-trihydroxywitha-5,24-dienolide 3-glucoside"
neg_865,
neg_866,Propanoyl phosphate
neg_867,BI6727 (Volasertib)
neg_868,
neg_869,
neg_870,Asparaginyl-Isoleucine
neg_871,NA
neg_872,Sulfisoxazole
neg_873,2-Chloromaleylacetate
neg_874,Demethylclomipramine
neg_875,Danshensu sodium salt
neg_876,8-Hydroxyalanylclavam
neg_877,9-Methyl-7-bromoeudistomin D
neg_878,Sannamycin B
neg_879,NA
neg_880,3-HYDROXY-4-(SUCCIN-2-YL)-CARYOLANE delta-LACTONE
neg_881,Sannamycin B
neg_882,NA
neg_883,"13,14-dihydro-15-keto-PGA2"
neg_884,NA
neg_885,2-glyceryl-PGD2
neg_886,Sannamycin B
neg_887,NA
neg_888,NA
neg_889,NA
neg_890,2-undecenal
neg_891,Magnesium carbonate
neg_892,Moxisylyte hydrochloride
neg_893,0
neg_894,Phe Arg Arg Val
neg_895,Sinjarite
neg_896,NA
neg_897,Carnosic acid
neg_898,"1,5-Isoquinolinediol"
neg_899,NA
neg_900,"3,5-Dinitro-L-tyrosine"
neg_901,NA
neg_902,NA
neg_903,TBS-Corey Lactone Aldehyde
neg_904,NA
neg_905,NA
neg_906,
neg_907,Ruscopine
neg_908,
neg_909,TBS-Corey Lactone Aldehyde
neg_910,NA
neg_911,
neg_912,Istamycin C0
neg_913,Phosphoroselenoic acid
neg_914,Istamycin C0
neg_915,
neg_916,
neg_917,0
neg_918,0
neg_919,
neg_920,Ipecac (Protoemetine)
neg_921,"N,N'-DIACETYL-1,6-DIAMINOHEXANE"
neg_922,Phe Arg Arg Val
neg_923,Piperonyl sulfoxide
neg_924,0
neg_925,Ipecac (Protoemetine)
neg_926,0
neg_927,
neg_928,
neg_929,
neg_930,
pos_1,
pos_2,
pos_3,NA
pos_4,NA
pos_5,NA
pos_6,
pos_7,"[(3,21-Dihydroxy-20-{[3,4,5-trihydroxy-6-(hydroxymethyl)tetrahydro-2H-pyran-2-yl]oxy}-2-docosanyl)amino]acetic acid"
pos_8,
pos_9,NA
pos_10,Psychosine
pos_11,4R-aminopentanoic acid
pos_12,NA
pos_13,"3E,9Z,12Z-octadecatrienoic acid"
pos_14,"(3R,7R)-1,3,7-Octanetriol"
pos_15,NA
pos_16,PE(18:1(9Z)/16:0)
pos_17,Magnoshinin
pos_18,NA
pos_19,PE(18:1(9Z)/0:0)
pos_20,NA
pos_21,
pos_22,TROMETHAMINE
pos_23,(??)9-HODE
pos_24,Cohibin C
pos_25,cis-Caryophyllene
pos_26,PC(16:0/18:1(11E))
pos_27,PS(22:0/12:0)
pos_28,NA
pos_29,D-GLUTAMIC ACID
pos_30,"PE(16:0/18:2(9Z,12Z))"
pos_31,NA
pos_32,NA
pos_33,N-Cyclohexanecarbonylpentadecylamine
pos_34,NA
pos_35,NA
pos_36,NA
pos_37,NA
pos_38,"N-benzyl-1-methyl-1H-pyrazolo[3,4-d]pyrimidin-4-amine"
pos_39,5-(6-hydroxy-6-methyloctyl)furan-2(5H)-one
pos_40,PE(16:0/0:0)
pos_41,NA
pos_42,Ile Ile Lys Met
pos_43,PE(18:1(9Z)/0:0)
pos_44,NA
pos_45,Netilmicin
pos_46,NA
pos_47,His Ile Ile Arg
pos_48,NA
pos_49,Phosphatidyl glycerol
pos_50,"3-(1,1-Dimethyl-2-propenyl)-8-(3-methyl-2-butenyl)xanthyletin"
pos_51,NA
pos_52,Istamycin C1
pos_53,Mannitol
pos_54,&alpha;-CEHC
pos_55,NA
pos_56,NA
pos_57,PE(16:0/0:0)
pos_58,Terephthalic acid
pos_59,NA
pos_60,NA
pos_61,"13-(2-Dodecanyl)-6-(1-hydroxyethyl)-3-(hydroxymethyl)-9-isopropyl-12-methyl-1-oxa-4,7,10-triazacyclotridecane-2,5,8,11-tetrone"
pos_62,Mannitol
pos_63,Montecristin
pos_64,Tridiphane
pos_65,NA
pos_66,NA
pos_67,NA
pos_68,Sclareolide (Norambreinolide)
pos_69,NA
pos_70,1-Phenylethylamine
pos_71,NA
pos_72,Methoprene acid
pos_73,NA
pos_74,NA
pos_75,NA
pos_76,5-(1-oxopropan-2-yl)isolongifol-5-ene
pos_77,Spirolide D
pos_78,NA
pos_79,Malyngamide J
pos_80,p-Cymene
pos_81,Ala Ala Lys Val
pos_82,
pos_83,
pos_84,NA
pos_85,Citrulline
pos_86,PC(18:0/11:1(10E))
pos_87,NA
pos_88,PE-NMe(18:1(9E)/18:1(9E))
pos_89,1-AMINOCYCLOBUTANE CARBOXYLIC ACID
pos_90,PE(16:0/0:0)
pos_91,D-2-Aminobutyric acid
pos_92,PS(O-20:0/14:0)
pos_93,3-((3-Cholamidopropyl)dimethylammonium)-1-propanesulfonate
pos_94,NA
pos_95,PG(16:0/18:1(9Z))[U]
pos_96,L-Isoleucine
pos_97,NA
pos_98,PC(O-11:1(10E)/2:0)
pos_99,NA
pos_100,NA
pos_101,NA
pos_102,Phenylglyoxylic acid
pos_103,PS(16:0/20:0)
pos_104,NA
pos_105,"12-Benzyl-3-isobutyl-6,9-diisopropyl-5,8,21-trimethyldodecahydro-1H,3H-pyrrolo[1,2-q][1,4,7,10,13,17]oxapentaazacyclononadecine-1,4,7,10,13,17(14H)-hexone"
pos_106,NA
pos_107,NA
pos_108,Suvorexant
pos_109,Lys Lys Ser
pos_110,NA
pos_111,Tridiphane
pos_112,NA
pos_113,NA
pos_114,Cardiospermin
pos_115,Oxiracetam
pos_116,NA
pos_117,NA
pos_118,"5Z,12Z-otadecadienoic acid"
pos_119,NA
pos_120,
pos_121,NADIDE
pos_122,NA
pos_123,L-Phenylalanine
pos_124,NA
pos_125,Leu Thr Phe Gln Met
pos_126,
pos_127,2-Methylerythritol
pos_128,N-Palmitoyl Glycine
pos_129,NA
pos_130,NA
pos_131,"Methyl 2-(1,3,5-trihydroxy-4a-methyl-8-oxodecahydro-2-naphthalenyl)acrylate"
pos_132,Cohibin A
pos_133,
pos_134,NA
pos_135,"1,3-Dipropyl-7-methylxanthine"
pos_136,PS(O-16:0/13:0)
pos_137,9-hydroxy-12Z-octadecenoic acid
pos_138,S-(4-Bromophenyl)-mercaptopyruvate
pos_139,NA
pos_140,D-METHIONINE
pos_141,Pyrroline hydroxycarboxylic acid
pos_142,
pos_143,3-hexanoyl-NBD Cholesterol
pos_144,1-Hexadecylamine
pos_145,"PC(14:0/18:2(11Z,14Z))"
pos_146,(Z)-N-(2-hydroxyethyl)hexadec-7-enamide
pos_147,NA
pos_148,Tuckolide; Decarestrictine D
pos_149,NA
pos_150,2-lauroleic acid
pos_151,Diethylene glycol
pos_152,"MGDG(18:2(9Z,12Z)/18:2(9Z,12Z))"
pos_153,NA
pos_154,NA
pos_155,NA
pos_156,NA
pos_157,NA
pos_158,NA
pos_159,sn-glycero-3-phosphoethanolamine
pos_160,
pos_161,NA
pos_162,"11E,13-Tetradecadienal"
pos_163,NA
pos_164,A 80987
pos_165,PE(18:1(9Z)/18:1(9Z))[U]
pos_166,
pos_167,"PG(16:0/18:2(9Z,12Z))"
pos_168,NA
pos_169,NA
pos_170,NA
pos_171,L-Tyrosine
pos_172,PGF2&alpha;-11-acetate
pos_173,4R-aminopentanoic acid
pos_174,"9,12-hexadecadienoic acid"
pos_175,NA
pos_176,NA
pos_177,Ethephon
pos_178,NA
pos_179,NA
pos_180,
pos_181,NA
pos_182,NA
pos_183,
pos_184,Butoctamide hydrogen succinate
pos_185,NA
pos_186,"[(3,21-Dihydroxy-20-{[3,4,5-trihydroxy-6-(hydroxymethyl)tetrahydro-2H-pyran-2-yl]oxy}-2-docosanyl)amino]acetic acid"
pos_187,NA
pos_188,NA
pos_189,Ala Ile Gln Arg
pos_190,NA
pos_191,
pos_192,Ala Cys Phe Gln
pos_193,1-HEXADECYL-2-ARACHIDONOYL-GLYCEROL
pos_194,NA
pos_195,5-(1-oxopropan-2-yl)isolongifol-5-ene
pos_196,NA
pos_197,D-Glycerol 1-phosphate
pos_198,3-Acrylamidopropyl trimethylammonium
pos_199,PS(13:0/22:0)
pos_200,NA
pos_201,NA
pos_202,1-Monopalmitin
pos_203,
pos_204,
pos_205,Meradimate
pos_206,NA
pos_207,NA
pos_208,3-HYDROXYPHENETHYLAMINE HCL
pos_209,NA
pos_210,NA
pos_211,O-Phosphorylethanolamine
pos_212,
pos_213,
pos_214,NA
pos_215,PG(18:1(9E)/0:0)[U]
pos_216,Flavin adenine dinucleotide (FAD)
pos_217,"[(3,21-Dihydroxy-20-{[3,4,5-trihydroxy-6-(hydroxymethyl)tetrahydro-2H-pyran-2-yl]oxy}-2-docosanyl)amino]acetic acid"
pos_218,PE(18:1(9Z)/16:0)
pos_219,
pos_220,Cys Asp Met Trp
pos_221,
pos_222,N-VANILLYLNONANAMIDE
pos_223,NA
pos_224,"(4E,8E,10E-d18:3)sphingosine"
pos_225,
pos_226,
pos_227,Psychosine
pos_228,alpha-Methylstyrene
pos_229,
pos_230,NA
pos_231,CARBACHOL
pos_232,EBPC
pos_233,1-(6-[5]-ladderane-hexanoyl)-2-(8-[3]-ladderane-octanyl)-sn-glycerophosphocholine
pos_234,"1-(2,6,6-Trimethyl-2-cyclohexen-1-yl)-1,6-heptadien-3-one"
pos_235,NA
pos_236,NA
pos_237,NA
pos_238,NA
pos_239,"16,16-dimethyl-PGE1"
pos_240,"PC(14:0/18:2(11Z,14Z))"
pos_241,"[(3,21-Dihydroxy-20-{[3,4,5-trihydroxy-6-(hydroxymethyl)tetrahydro-2H-pyran-2-yl]oxy}-2-docosanyl)amino]acetic acid"
pos_242,"9Z,12Z,15Z-Octadecatrienal"
pos_243,
pos_244,NA
pos_245,
pos_246,NA
pos_247,NA
pos_248,NA
pos_249,"[(3,21-Dihydroxy-20-{[3,4,5-trihydroxy-6-(hydroxymethyl)tetrahydro-2H-pyran-2-yl]oxy}-2-docosanyl)amino]acetic acid"
pos_250,
pos_251,"[(3,21-Dihydroxy-20-{[3,4,5-trihydroxy-6-(hydroxymethyl)tetrahydro-2H-pyran-2-yl]oxy}-2-docosanyl)amino]acetic acid"
pos_252,NA
pos_253,NA
pos_254,NA
pos_255,NA
pos_256,"LEVULINIC ACID,  3-BENZYLIDENYL-"
pos_257,NA
pos_258,1-HEXADECYL-2-O-ACETYL-GLYCEROL
pos_259,"1,3-Octadiene"
pos_260,Glycidyl oleate
pos_261,NA
pos_262,
pos_263,
pos_264,"[(3,21-Dihydroxy-20-{[3,4,5-trihydroxy-6-(hydroxymethyl)tetrahydro-2H-pyran-2-yl]oxy}-2-docosanyl)amino]acetic acid"
pos_265,Psychosine
pos_266,"[(3,21-Dihydroxy-20-{[3,4,5-trihydroxy-6-(hydroxymethyl)tetrahydro-2H-pyran-2-yl]oxy}-2-docosanyl)amino]acetic acid"
pos_267,NA
pos_268,NA
pos_269,NA
pos_270,NA
pos_271,NA
pos_272,Ethephon
pos_273,NA
pos_274,NA
pos_275,
pos_276,5-O-Methylembelin
pos_277,NA
pos_278,
pos_279,"[(3,21-Dihydroxy-20-{[3,4,5-trihydroxy-6-(hydroxymethyl)tetrahydro-2H-pyran-2-yl]oxy}-2-docosanyl)amino]acetic acid"
pos_280,"2,5-Dibutyl-4-methyloxazole"
pos_281,Psychosine
pos_282,3-((3-Cholamidopropyl)dimethylammonium)-1-propanesulfonate
pos_283,NA
pos_284,NA
pos_285,DDA
pos_286,
pos_287,"[(3,21-Dihydroxy-20-{[3,4,5-trihydroxy-6-(hydroxymethyl)tetrahydro-2H-pyran-2-yl]oxy}-2-docosanyl)amino]acetic acid"
pos_288,Cumene
pos_289,NA
pos_290,NA
pos_291,NA
pos_292,NA
pos_293,"[(3,21-Dihydroxy-20-{[3,4,5-trihydroxy-6-(hydroxymethyl)tetrahydro-2H-pyran-2-yl]oxy}-2-docosanyl)amino]acetic acid"
pos_294,NA
pos_295,NA
pos_296,Ricinoleic Acid methyl ester
pos_297,Psychosine
pos_298,Tributyl phosphate
pos_299,L-beta-aspartyl-L-leucine
pos_300,Allopumiliotoxin 267A
pos_301,NA
pos_302,Ectocarpen
pos_303,Cardiospermin
pos_304,NA
pos_305,NA
pos_306,Psychosine
pos_307,"[(3,21-Dihydroxy-20-{[3,4,5-trihydroxy-6-(hydroxymethyl)tetrahydro-2H-pyran-2-yl]oxy}-2-docosanyl)amino]acetic acid"
pos_308,LP 12 hydrochloride hydrate
pos_309,Psychosine
pos_310,PC(16:1(9E)/0:0)
pos_311,NA
pos_312,"[(3,21-Dihydroxy-20-{[3,4,5-trihydroxy-6-(hydroxymethyl)tetrahydro-2H-pyran-2-yl]oxy}-2-docosanyl)amino]acetic acid"
pos_313,NA
pos_314,NA
pos_315,NA
pos_316,Prostaglandin F1a-d9
pos_317,"[(3,21-Dihydroxy-20-{[3,4,5-trihydroxy-6-(hydroxymethyl)tetrahydro-2H-pyran-2-yl]oxy}-2-docosanyl)amino]acetic acid"
pos_318,NA
pos_319,"Polypropylene glycol (m w 1,200-3,000)"
pos_320,NA
pos_321,PC(12:0/18:1(9Z))
pos_322,NA
pos_323,Dioleoylphosphatidylcholine
pos_324,
pos_325,NA
pos_326,EPIRIZOLE
pos_327,Digitoxic acid
pos_328,
pos_329,Methylphenidate
pos_330,L-Aspartic Acid
pos_331,Psychosine
pos_332,Uric acid
pos_333,"3,5-Di-O-methyl-8-prenylafzelechin-4beta-ol"
pos_334,NA
pos_335,1-Hexadecylamine
pos_336,NA
pos_337,NA
pos_338,Glu Arg Arg Tyr
pos_339,NA
pos_340,Dehydrophytosphingosine
pos_341,Psychosine
pos_342,NA
pos_343,NA
pos_344,D-GLUTAMIC ACID
pos_345,Psychosine
pos_346,NA
pos_347,NA
pos_348,Pyrroline hydroxycarboxylic acid
pos_349,NA
pos_350,"PS(O-16:0/20:2(11Z,14Z))"
pos_351,0
pos_352,C17 Sphinganine
pos_353,NA
pos_354,HYMECHROME
pos_355,p-Xylene
pos_356,NA
pos_357,NA
pos_358,Psychosine
pos_359,Psychosine
pos_360,NA
pos_361,NA
pos_362,Psychosine
pos_363,NA
pos_364,
pos_365,
pos_366,NA
pos_367,Ethephon
pos_368,Octanal
pos_369,N-Methyldioctylamine
pos_370,NA
pos_371,
pos_372,"Polypodine A, mixt. with Polypodine B"
pos_373,&alpha;-hydroxy lauric acid
pos_374,Oleoyl Ethyl Amide
pos_375,PE(20:0/22:1(13Z))
pos_376,Psychosine
pos_377,sn-glycero-3-phosphoethanolamine
pos_378,NA
pos_379,NA
pos_380,NA
pos_381,NA
pos_382,NA
pos_383,Ile Lys Lys Thr
pos_384,
pos_385,6-hydroxy-2-hexynoic acid
pos_386,"1,4-beta-D-Glucan"
pos_387,NA
pos_388,NA
pos_389,"5,5-Dimethyl-1-pyrroline-N-oxide"
pos_390,NA
pos_391,Ambrettolic acid
pos_392,NA
pos_393,NA
pos_394,NA
pos_395,NA
pos_396,sn-glycero-3-Phosphocholine
pos_397,TMPH hydrochloride
pos_398,NA
pos_399,COUMARINIC ACID METHYL ETHER
pos_400,Secobarbital
pos_401,NA
pos_402,4-Heptyloxyphenol
pos_403,9-SAHSA
pos_404,PG(16:0/16:1(9Z))
pos_405,NA
pos_406,NA
pos_407,NA
pos_408,NA
pos_409,NA
pos_410,NA
pos_411,NA
pos_412,NA
pos_413,4-Vinylcyclohexene
pos_414,NA
pos_415,NA
pos_416,NA
pos_417,DG(16:1(9Z)/17:0/0:0)[iso2]
pos_418,"4,6-Dihydroxy-5a-methyl-3-methylene-2-oxododecahydronaphtho[1,2-b]furan-9-carbaldehyde"
pos_419,NA
pos_420,NA
pos_421,Flavine mononucleotide (FMN)
pos_422,DIBUTYL SUBERATE
pos_423,NA
pos_424,
pos_425,Bikojic acid
pos_426,PG(18:1(9Z)/18:1(9Z))[U]
pos_427,4-hydroxy Nonenal Alkyne
pos_428,NA
pos_429,NA
pos_430,NA
pos_431,Ala Lys Arg Thr
pos_432,NA
pos_433,2-ISOPROPYL-3-METHOXYCINNAMIC ACID
pos_434,N-linoleoyl taurine
pos_435,Ethephon
pos_436,Ferulic acid ethylester
pos_437,NA
pos_438,0
pos_439,PE(18:0/18:1(9Z))[U]
pos_440,Atraton
pos_441,"10E,12E,14E-Hexadecatrienal"
pos_442,Ethephon
pos_443,
pos_444,Octylamine
pos_445,NA
pos_446,
pos_447,NA
pos_448,"2,3-Dimethylsuccinic acid"
pos_449,
pos_450,Inulin
pos_451,NA
pos_452,NA
pos_453,PC(O-14:0/18:0)
pos_454,
pos_455,Halaminol A
pos_456,C17 Sphinganine
pos_457,NA
pos_458,Phosphoric acid
pos_459,"2,2,12,14,16,17-hexachlorotetracosane-1,15-disulfate"
pos_460,NA
pos_461,Phenylmethyl methyl ketone
pos_462,Hypoxanthine
pos_463,
pos_464,NA
pos_465,NIPECOTIC ACID
pos_466,NA
pos_467,0
pos_468,Pipericine
pos_469,NA
pos_470,p-Xylene
pos_471,NA
pos_472,PE(18:1(9Z)/0:0)
pos_473,NA
pos_474,NA
pos_475,"1-(2,6,6-Trimethyl-2-cyclohexen-1-yl)-1,6-heptadien-3-one"
pos_476,THTC
pos_477,NA
pos_478,NA
pos_479,NA
pos_480,NA
pos_481,NA
pos_482,NA
pos_483,NA
pos_484,NA
pos_485,N-(6-aminohexanoyl)-6-aminohexanoic acid
pos_486,Lactamide
pos_487,4-Hexyloxyphenol
pos_488,Methoprene acid
pos_489,NA
pos_490,4-hydroxy-valeric acid
pos_491,NA
pos_492,NA
pos_493,NA
pos_494,15(S)-HpEDE
pos_495,Valpromide
pos_496,"1,1,3,3-tetraphenylurea"
pos_497,NA
pos_498,Citrulline
pos_499,NA
pos_500,
pos_501,TEMPOL
pos_502,NA
pos_503,Digitoxic acid
pos_504,Ile Glu Tyr Cys Lys
pos_505,
pos_506,Glycidyl stearate
pos_507,NA
pos_508,C17 Sphinganine
pos_509,NA
pos_510,NA
pos_511,NA
pos_512,NA
pos_513,NA
pos_514,NA
pos_515,NA
pos_516,NA
pos_517,NA
pos_518,L-Isoleucine
pos_519,3-NOR-3-OXOPANASINSAN-6-OL
pos_520,NA
pos_521,Ricinoleic Acid methyl ester
pos_522,NA
pos_523,5-hydroxymethyl-2-furanoate
pos_524,GUANOSINE-5'-DIPHOSPHATE SODIUM SALT
pos_525,"Thieno[2,3-b]pyridine, 3-bromo-"
pos_526,D-THREONINE
pos_527,0
pos_528,NA
pos_529,NA
pos_530,"3,5-Di-O-methyl-8-prenylafzelechin-4beta-ol"
pos_531,NA
pos_532,PE(16:1(9Z)/16:1(9Z))[U]
pos_533,
pos_534,NA
pos_535,NA
pos_536,METHOPRENE (S)
pos_537,NA
pos_538,NA
pos_539,Elaidamide
pos_540,NA
pos_541,NA
pos_542,Flavin adenine dinucleotide (FAD)
pos_543,"3,5-Di-O-methyl-8-prenylafzelechin-4beta-ol"
pos_544,Pirimicarb
pos_545,NA
pos_546,NA
pos_547,Potassium 2-(1&#39;-ethoxy) ethoxypropanoate
pos_548,L-Serine
pos_549,
pos_550,NA
pos_551,NA
pos_552,NA
pos_553,methyl 2-Pyrimidine Carboxylate
pos_554,4-Hydroxystyrene
pos_555,PS(16:0/16:0)
pos_556,NA
pos_557,Cystophorene
pos_558,Nicotinamide Adenine Dinucleotide Phosphate (NADP+)
pos_559,dodecanamide
pos_560,L-Histidine
pos_561,"(3E,7E)-4,8,12-Trimethyl-1,3,7,11-tridecatetraene"
pos_562,NA
pos_563,Santene
pos_564,NA
pos_565,
pos_566,
pos_567, Lachnophyllum lactone
pos_568,NA
pos_569,NA
pos_570,N-(3E-hexadecenoyl)-deoxysphing-4-enine-1-sulfonate
pos_571,"3,4-Dimethylstyrene"
pos_572,NA
pos_573,NA
pos_574,NA
pos_575,NA
pos_576,
pos_577,NA
pos_578,Aleprylic acid
pos_579,NA
pos_580,"Fenipentol, (r)-isomer"
pos_581,
pos_582,NA
pos_583,NA
pos_584,NA
pos_585,NA
pos_586,NA
pos_587,NA
pos_588,NA
pos_589,NA
pos_590,NA
pos_591,NA
pos_592,NA
pos_593,Cinnamic acid
pos_594,NA
pos_595,NA
pos_596,NA
pos_597,"2E,4E-undecadienoic acid"
pos_598,NA
pos_599,NA
pos_600,Glycyl-L-leucine
pos_601,NA
pos_602,NA
pos_603,
pos_604,"2,5-Dichloro-carboxymethylenebut-2-en-4-olide"
pos_605,NA
pos_606,Vinyl acetic acid
pos_607,
pos_608,NA
pos_609,NA
pos_610,NA
pos_611,NA
pos_612,NA
pos_613,NA
pos_614,13(S)-HOTE
pos_615,NA
pos_616,NA
pos_617,NA
pos_618,NA
pos_619,NA
pos_620,ACETANILIDE
pos_621,NA
pos_622,PM-Toxin A
pos_623,DACP analog of retinoic acid
pos_624,NA
pos_625,NA
pos_626,NA
pos_627,3R-aminononanoic acid
pos_628,NA
pos_629,
pos_630,NA
pos_631,NA
pos_632,m-Coumaric acid
pos_633,t-4-AMINOCROTONIC ACID (TACA)
pos_634,NA
pos_635,NA
pos_636,NA
pos_637,NA
pos_638,Phosphocholine
pos_639,NA
pos_640,p-Cymene
pos_641,NA
pos_642,NA
pos_643,NA
pos_644,Campesteryl glucoside
pos_645,
pos_646,
pos_647,NA
pos_648,2-Cyclooctyl-2-hydroxyethylamine hydrochloride
pos_649,NA
pos_650,Spisulosine
pos_651,NA
pos_652,NA
pos_653,NA
pos_654,NA
pos_655,"1-Methyl-1,3-cyclohexadiene"
pos_656,NA
pos_657,NA
pos_658,NA
pos_659,L-Phenylalanine
pos_660,NA
pos_661,NA
pos_662,"3,5-Di-O-methyl-8-prenylafzelechin-4beta-ol"
pos_663,Adenine
pos_664,NA
pos_665,NA
pos_666,NA
pos_667,RETUSOQUINONE
pos_668,&alpha;-Estradiol
pos_669,NA
pos_670,NA
pos_671,NA
pos_672,11-amino-undecanoic acid
pos_673,NA
pos_674,"2,6-nonadienoic acid"
pos_675,NA
pos_676,SR 57227A HCL
pos_677,NA
pos_678,PC(O-12:0/2:0)
pos_679,NA
pos_680,N-Guanylhistamine
pos_681,NA
pos_682,NA
pos_683,NA
pos_684,NA
pos_685,NA
pos_686,N-Ethyl-N-Methylcathinone
pos_687,&alpha;-D-Glucose
pos_688,NA
pos_689,NA
pos_690,Santene
pos_691,N2-Acetyl-L-ornithine
pos_692,0
pos_693,"1-(5-Methyl-3-furanyl)-1,2,3-propanetriol"
pos_694,NA
pos_695,"Phenanthrene-9,10-oxide"
pos_696,NA
pos_697,Caproaldehyde
pos_698,Prostaglandin F2a-d9
pos_699,NA
pos_700,NA
pos_701,Cinnamaldehyde
pos_702,Propofol
pos_703,NA
pos_704,NA
pos_705,NA
pos_706,
pos_707,NA
pos_708,Istamycin C1
pos_709,NA
pos_710,NA
pos_711,NA
pos_712,NA
pos_713,NA
pos_714,NA
pos_715,Meprobamate
pos_716,S-(4-Bromophenyl)-mercaptopyruvate
pos_717,NA
pos_718,NA
pos_719,Adenosine triphosphate (ATP)
pos_720,NA
pos_721,NA
pos_722,NA
pos_723,NA
pos_724,NA
pos_725,Lys Lys Ser
pos_726,2-(3'-Methylthio)propylmalic acid
pos_727,0
pos_728,NA
pos_729,L-Tyrosine
pos_730,NA
pos_731,NA
pos_732,NA
pos_733,
pos_734,PG(13:0/20:1(11Z))
pos_735,NA
pos_736,NA
pos_737,PC(16:0/18:1(11E))
pos_738,Zerumbone
pos_739,Caffeic acid 3-O-glucuronide
pos_740,NA
pos_741,"3E,9Z,12Z,15Z-octadecatetraenoic acid"
pos_742,0
pos_743,1-(6-[5]-ladderane-hexanyl)-2-(8-[3]-ladderane-octanyl)-sn-glycerophosphoethanolamine
pos_744,N2-Acetyl-L-aminoadipate
pos_745,NA
pos_746,NA
pos_747,PE(16:0/17:0)[U]
pos_748,"(8S,Z)-6-((S)-3-hydroxy-2-methylpropylidene)-8-methyloctahydroindolizin-8-ol"
pos_749,NA
pos_750,NA
pos_751,
pos_752,Triciribine
pos_753,
pos_754,NA
pos_755,Peonidin 3-rhamnoside 5-glucoside
pos_756,Tumonoic Acid E
pos_757,NA
pos_758,
pos_759,"3,3',5-Triiodothyropropionic acid"
pos_760,NA
pos_761,Sclareolide (Norambreinolide)
pos_762,NA
pos_763,NA
pos_764,11-amino-undecanoic acid
pos_765,NA
pos_766,NA
pos_767,S 1033
pos_768,
pos_769,NA
pos_770,BHA
pos_771,"Fenipentol, (r)-isomer"
pos_772,11(E)-Eicosenoic acid
pos_773,3'-Phosphoadenylyl sulfate (PAPS)
pos_774,"16,16-dimethyl-PGA2"
pos_775,N-palmitoyl glutamine
pos_776,NA
pos_777,NA
pos_778,Tetradecylamine
pos_779,Piperidine
pos_780,NA
pos_781,8-DY547-cGMP
pos_782,NA
pos_783,"PE(P-16:0/17:2(9Z,12Z))"
pos_784,PS(16:0/18:1(11Z))
pos_785,NA
pos_786,NA
pos_787,
pos_788,Tuberonic acid
pos_789,NADIDE
pos_790,"Benzenesulfonamide, N,N,4-trimethyl-3-nitro-"
pos_791,NA
pos_792,AG 1024
pos_793,NA
pos_794,PS(16:0/22:1(11Z))
pos_795,Muconic dialdehyde
pos_796,NA
pos_797,"Phomopsolide B; (2S,3S)-2-((3S,4R,E)-3,4-dihydroxypent-1-en-1-yl)-6-oxo-3,6-dihydro-2H-pyran-3-yl (E)-2-methylbut-2-enoate"
pos_798,"11-dehydro-2,3-dinor Thromboxane B2"
pos_799,NA
pos_800,"All-Trans-3,4-Didehydro-Retinoic acid"
pos_801,NA
pos_802,NA
pos_803,NA
pos_804,NA
pos_805,HARMANE
pos_806,NA
pos_807,NA
pos_808,
pos_809,L-Tryptophan
pos_810,4-Heptyloxyphenol
pos_811,Meptazinol
pos_812,NA
pos_813,NA
pos_814,"5,8,11-EICOSATRIYNOIC ACID"
pos_815,NA
pos_816,L-Asparagine
pos_817,NA
pos_818,NA
pos_819,NA
pos_820,NA
pos_821,"9Z,12Z,15Z-Octadecatrienal"
pos_822,NA
pos_823,NA
pos_824,NA
pos_825,"11E,13-Tetradecadienal"
pos_826,NA
pos_827,FR 900098
pos_828,"S-4-benzyl-3-((S)-3-hydroxy-2,2-dimethyloctanoyl)oxazolidin-2-one"
pos_829,Styrene
pos_830,(5Z)-3-Amino-5-nonenoic acid
pos_831,Inulin
pos_832,NA
pos_833,NA
pos_834,SR 57227A HCL
pos_835,NA
pos_836,PG(16:0/18:1(9Z))[U]
pos_837,NA
pos_838,Fosfomycin calcium
pos_839,
pos_840,NA
pos_841,Sugeonyl acetate
pos_842,
pos_843,5-Chloro-6-methoxymellein
pos_844,NA
pos_845,NA
pos_846,NA
pos_847,NA
pos_848,Acetone cyanohydrin
pos_849,NA
pos_850,NA
pos_851,
pos_852,Antrafenine
pos_853,NA
pos_854,
pos_855,NA
pos_856,Xestoaminol C
pos_857,Mutant IDH1 inhibitor
pos_858,NA
pos_859,NA
pos_860,Oleic Acid
pos_861,Leu Ala
pos_862,"3E,4Z,7,11-Tetramethyl-6,10-tridecadienal"
pos_863,NA
pos_864,NA
pos_865,NA
pos_866,NA
pos_867,
pos_868,"(S)-N-[3-(3,4-Methylenedioxyphenyl)-2-(acetylthio)methyl-1-oxoprolyl]-(S)-alanine benzyl ester"
pos_869,NA
pos_870,NA
pos_871,Crassin
pos_872,2-CARENE-3-ONE
pos_873,DG(14:0/16:0/0:0)
pos_874,p-Chlorobenzenesulfonylurea
pos_875,NA
pos_876,NA
pos_877,NA
pos_878,NA
pos_879,NA
pos_880,
pos_881,0
pos_882,2-Phenylethanol
pos_883,His Ile Ile Arg
pos_884,L-Isoleucine
pos_885,
pos_886,ANTINEOPLASTIC-31748
pos_887,NA
pos_888,NA
pos_889,Betaine aldehyde
pos_890,"3-Ethyl-1,2-cyclopentanedione"
pos_891,PS(18:0/18:1(9Z))[U]
pos_892,NA
pos_893,"2-(4-Allyl-2,6-dimethoxyphenoxy)-1-(3,4-dimethoxyphenyl)propyl acetate"
pos_894,"2,2-Dichloro-1,1-ethanediol"
pos_895,"PE(P-16:0/17:2(9Z,12Z))"
pos_896,
pos_897,NA
pos_898,NA
pos_899,NA
pos_900,NA
pos_901,NA
pos_902,
pos_903,NA
pos_904,ETHOXYQUIN
pos_905,
pos_906,
pos_907,
pos_908,"3E,9Z,12Z,15Z-octadecatetraenoic acid"
pos_909,Palmitamide
pos_910,"(2E)-2,5-Dimethyl-4-vinyl-2,5-hexadien-1-yl ?-D-glucopyranoside"
pos_911,"bacteriohopane-32,33,34,35-tetrol"
pos_912,NA
pos_913,NA
pos_914,"3E,5E-tridecadienoic acid"
pos_915,N-Acetyl-D-glucosamine
pos_916,NA
pos_917,L-Aspartic Acid
pos_918,NA
pos_919,NA
pos_920,Ala Glu Gln Gln
pos_921,NA
pos_922,L-beta-aspartyl-L-threonine
pos_923,NA
pos_924,3-amino-2-naphthoic acid
pos_925,NA
pos_926,NA
pos_927,NA
pos_928,2-Naphthylamine
pos_929,CAY10590
pos_930,NA
pos_931,"13,14-dihydro-15-keto-PGA2"
pos_932,NA
pos_933,NA
pos_934,NA
pos_935,
pos_936,N-Hydroxyamphetamine
pos_937,
pos_938,NA
pos_939,NA
pos_940,NA
pos_941,&alpha;-D-Glucose
pos_942,3R-aminononanoic acid
pos_943,Adenine
pos_944,
pos_945,Danshensu sodium salt
pos_946,SAHA/Vorinostat
pos_947,NA
pos_948,NA
pos_949,Bis (2-hydroxypropyl) amine
pos_950,NA
pos_951,"PE(P-16:0/17:2(9Z,12Z))"
pos_952,THYMOQUINONE
pos_953,CARBACHOL
pos_954,
pos_955,
pos_956,(+)-Vulgraon B
pos_957,HYMECHROME
pos_958,NA
pos_959,NA
pos_960,
pos_961,NA
pos_962,"(+)-7-epi--9,10-dihydrojasmonic acid"
pos_963,Pyridoxamine-5'-Phosphate
pos_964,Tetranor-12(R)-HETE
pos_965,"1-(2,6,6-Trimethyl-2-cyclohexen-1-yl)-1,6-heptadien-3-one"
pos_966,Niacinamide
pos_967,NA
pos_968,
pos_969,Glycyl-Histidine
pos_970,"(24R)-1&alpha;,24-dihydroxy-22-oxavitamin D3 / (24R)-1&alpha;,24-dihydroxy-22-oxacholecalciferol"
pos_971,NA
pos_972,NA
pos_973,0
pos_974,NA
pos_975,Flavine mononucleotide (FMN)
pos_976,Arginyl-Valine
pos_977,Homaline
pos_978,NA
pos_979,ANTINEOPLASTIC-31748
pos_980,3-hydroxy-dodecanedioic acid
pos_981,NA
pos_982,Ornithine
pos_983,NA
pos_984,Aleprylic acid
pos_985,NA
pos_986,Tropine
pos_987,PGF2&alpha;-11-acetate
pos_988,0
pos_989,NA
pos_990,NA
pos_991,13(E)-Docosenoic acid
pos_992,BHA
pos_993,"3-Ethyl-1,2-cyclopentanedione"
pos_994,FLAVOKAWAIN A
pos_995,NA
pos_996,NA
pos_997,N-hexanoyl-L-Homoserine lactone
pos_998,NA
pos_999,AMBELLINE
pos_1000,NA
pos_1001,PC(18:0/11:1(10E))
pos_1002,NA
pos_1003,KAPA
pos_1004,ICI 164384
pos_1005,Lactamide
pos_1006,Tulobuterol hydrochloride
pos_1007,NA
pos_1008,NA
pos_1009,
pos_1010,
pos_1011,NA
pos_1012,
pos_1013,NA
pos_1014,NA
pos_1015,Isoquinoline
pos_1016,Mycinamicin VIII
pos_1017,Cucurbitine
pos_1018,NA
pos_1019,NA
pos_1020,2-AMINOPURINE
pos_1021,2-Amino-3-methyl-1-butanol
pos_1022,"Riboflavin cyclic-4',5'-phosphate"
pos_1023,
pos_1024,N2-Acetyl-L-aminoadipate
pos_1025,NA
pos_1026,"Hydrazinecarbothioamide, N-methyl-2-[(5-nitro-2-thienyl)methylene]-"
pos_1027,NA
pos_1028,NA
pos_1029,NA
pos_1030,&beta;-ethyl acrylic acid
pos_1031,NA
pos_1032,NA
pos_1033,NA
pos_1034,NA
pos_1035,NA
pos_1036,"3,3',5-Triiodothyropropionic acid"
pos_1037,NA
pos_1038,
pos_1039,NA
pos_1040,PI-Cer(t18:0/20:0)
pos_1041,Phosphoric acid
pos_1042,5'-CMP
pos_1043,
pos_1044,SR 57227A HCL
pos_1045,NA
pos_1046,NA
pos_1047,"dTDP-3-oxo-4,6-dideoxy-D-glucose"
pos_1048,"PS(O-20:0/17:2(9Z,12Z))"
pos_1049,NA
pos_1050,Stearamide
pos_1051,PI(16:0/0:0)
pos_1052,Alepric acid
pos_1053,
pos_1054,NA
pos_1055,"PE-Cer(d15:2(4E,6E)/20:0(2OH))"
pos_1056,NA
pos_1057,NA
pos_1058,
pos_1059,NA
pos_1060,Cinnamaldehyde
pos_1061,DDA
pos_1062,Ala Met Val Trp
pos_1063,".beta.-Peltatin, 3'-demethoxy-O-methyl-"
pos_1064,NA
pos_1065,NA
pos_1066,Isohydrosorbic acid
pos_1067,0
pos_1068,"(24R)-1&alpha;,24-dihydroxy-22-oxavitamin D3 / (24R)-1&alpha;,24-dihydroxy-22-oxacholecalciferol"
pos_1069,NA
pos_1070,NA
pos_1071,Brosimacutin C
pos_1072,TERT-BUTYLHYDROQUINONE 97%
pos_1073,"17beta-Methylestra-1,3,5(10)-trien-3-ol"
pos_1074,Ile Glu Tyr Cys Lys
pos_1075,NA
pos_1076,
pos_1077,Salicylamide
pos_1078,NA
pos_1079,NA
pos_1080,NA
pos_1081,NA
pos_1082,"CDP-4-dehydro-3,6-dideoxy-D-glucose"
pos_1083,
pos_1084,N-VANILLYLNONANAMIDE
pos_1085,NA
pos_1086,
pos_1087,
pos_1088,Amidosulfonic acid
pos_1089,Phenolic steroid
pos_1090,NA
pos_1091,NA
pos_1092,Thiarubrine A
pos_1093,NA
pos_1094,ESTRADIOL METHYL ETHER
pos_1095,
pos_1096,NA
pos_1097,Ala Ala Lys Arg
pos_1098,(&plusmn;)-2-Methylthiazolidine
pos_1099,NA
pos_1100,NA
pos_1101,cis-&alpha;-octenoic acid
pos_1102,NA
pos_1103,NA
pos_1104,"ANDROSTA-1,4-DIEN-3,17-DIONE"
pos_1105,Trimethylaminoacetone
pos_1106,NA
pos_1107,NA
pos_1108,N-hydroxy arachidonoyl amine
pos_1109,4-Vinylcyclohexene
pos_1110,
pos_1111,NA
pos_1112,Asparaginyl-Histidine
pos_1113,IRIGENIN TRIMETHYL ETHER
pos_1114,NA
pos_1115,
pos_1116,3-HYDROXYPHENETHYLAMINE HCL
pos_1117,L-Arginine
pos_1118,2-hydroxy enanthoic acid
pos_1119,"di-trans,poly-cis-decaprenyl diphosphate"
pos_1120,NA
pos_1121,2-Cyclooctyl-2-hydroxyethylamine hydrochloride
pos_1122,NA
pos_1123,Benzoic acid
pos_1124,NA
pos_1125,NA
pos_1126,NA
pos_1127,Hydroxyprolyl-Hydroxyproline
pos_1128,"L,L-Cyclo(leucylprolyl)"
pos_1129,0
pos_1130,
pos_1131,"13-(2-Dodecanyl)-6-(1-hydroxyethyl)-3-(hydroxymethyl)-9-isopropyl-12-methyl-1-oxa-4,7,10-triazacyclotridecane-2,5,8,11-tetrone"
pos_1132,"16,17-epoxy-DHA"
pos_1133,NA
pos_1134,TOTAROL
pos_1135,NA
pos_1136,NA
pos_1137,N-Acetyl-D-glucosamine
pos_1138,8-Isoquinoline methanamine (hydrochloride)
pos_1139,NA
pos_1140,2-Methylbutyroylcarnitine
pos_1141,NA
pos_1142,NA
pos_1143,NA
pos_1144,8-Hydroxyageraphorone
pos_1145,NA
pos_1146,
pos_1147,&alpha;-hydroxy lauric acid
pos_1148,NA
pos_1149,
pos_1150,beta-D-Glucosamine
pos_1151,NA
pos_1152,Meprobamate
pos_1153,NA
pos_1154,2-(Methylthio)ethanesulfonate
pos_1155,Adenosine 5'-phosphate disodium
pos_1156,NA
pos_1157,"1,2,4-Trichlorobenzene"
pos_1158,NA
pos_1159,NA
pos_1160,(&plusmn;)5-HETE Lactone
pos_1161,NA
pos_1162,NA
pos_1163,NA
pos_1164,12-amino-dodecanoic acid
pos_1165,5alpha-androst-16-en-3-one
pos_1166,
pos_1167,NA
pos_1168,Salicylic acid
pos_1169,NA
pos_1170,NA
pos_1171,NA
pos_1172,NA
pos_1173,Tizanidine
pos_1174,
pos_1175,NA
pos_1176,NA
pos_1177,NA
pos_1178,cyclic adenosine diphosphate ribose
pos_1179,
pos_1180,Guanosine 5&prime;-diphosphate (GDP)
pos_1181,L-Methionine S-oxide
pos_1182,NA
pos_1183,NA
pos_1184,QUEBRACHITOL
pos_1185,NA
pos_1186,
pos_1187,NA
pos_1188,
pos_1189,D-METHIONINE
pos_1190,Phosphoric acid
pos_1191,
pos_1192,Uridine
pos_1193,NA
pos_1194,"5,6,7,8-tetrahydro-2-Quinolone"
pos_1195,NA
pos_1196,8-Oxodeoxycoformycin
pos_1197,Botrydial
pos_1198,NA
pos_1199,3-AMINOPROPANESULPHONIC ACID
pos_1200,N-(9-Oxodecyl)acetamide
pos_1201,NA
pos_1202,NA
pos_1203,0
pos_1204,NA
pos_1205,Epitestosterone
pos_1206,NA
pos_1207,NA
pos_1208,NA
pos_1209,Acetyl-CoA
pos_1210,NA
pos_1211,NA
pos_1212,NA
pos_1213,NA
pos_1214,"2,4-Dinitrotoluene"
pos_1215,NA
pos_1216,"8,8-Dimethyl-9-[(3-methylbutanoyl)oxy]-2-oxo-9,10-dihydro-2H,8H-pyrano[2,3-f]chromen-10-yl 3-methyl-2-butenoate"
pos_1217,TROMETHAMINE
pos_1218,2-Hydroxy-3-methyl-9H-carbazole
pos_1219,Cytosine
pos_1220,
pos_1221,NA
pos_1222,NA
pos_1223,D-Glucose 6-phosphate
pos_1224,
pos_1225,Guanidinosuccinic Acid
pos_1226,L-Xylulose
pos_1227,NA
pos_1228,Lys Glu Arg Phe Ala
pos_1229,A3 hydrochloride
pos_1230,NA
pos_1231,NA
pos_1232,NA
pos_1233,NA
pos_1234,"18-Nor-4(19),8,11,13-abietatetraene"
pos_1235,Dextroamphetamine
pos_1236,"17beta-Methylestra-1,3,5(10)-trien-3-ol"
pos_1237,
pos_1238,"12-oxo-5Z,8Z,10E,14Z-eicosatetraenoic acid"
pos_1239,NA
pos_1240,3-Hydroxyphenylglycine
pos_1241,
pos_1242,NA
pos_1243,Glu Leu
pos_1244,NA
pos_1245,HARMANE
pos_1246,D-Glycerate 3-phosphate
pos_1247,"(24R)-1&alpha;,24-dihydroxy-22-oxavitamin D3 / (24R)-1&alpha;,24-dihydroxy-22-oxacholecalciferol"
pos_1248,NA
pos_1249,Uracil
pos_1250,NA
pos_1251,NA
pos_1252,
pos_1253,NA
pos_1254,
pos_1255,"1&alpha;,22-dihydroxy-23,24,25,26,27-pentanorvitamin D3 / 1&alpha;,22-dihydroxy-23,24,25,26,27-pentanorcholecalciferol"
pos_1256,NA
pos_1257,NA
pos_1258,NA
pos_1259,NA
pos_1260,N2-Acetyl-L-aminoadipate
pos_1261,"3-Methoxyestra-1,3,5(10),16-tetraene"
pos_1262,
pos_1263,Methyl Benzylidene
pos_1264,NA
pos_1265,NA
pos_1266,(Z)-1-(Methylthio)-5-phenyl-1-penten-3-yne
pos_1267,NA
pos_1268,furazolidone
pos_1269,NA
pos_1270,NA
pos_1271,NA
pos_1272,0
pos_1273,Nelarabine
pos_1274,N2-Acetyl-L-aminoadipate
pos_1275,"PC(14:0/18:2(11Z,14Z))"
pos_1276,NA
pos_1277,NA
pos_1278,Phosphoric acid
pos_1279,NA
pos_1280,Guanidylic acid (guanosine monophosphate)
pos_1281,NA
pos_1282,Niacinamide
pos_1283,NA
pos_1284,Arginyl-Valine
pos_1285,NA
pos_1286,
pos_1287,NA
pos_1288,NA
pos_1289,0
pos_1290,NA
pos_1291,NA
pos_1292,0
pos_1293,"1,4-Naphthoquinone"
pos_1294,NA
pos_1295,Capreomycin Sulfate
pos_1296,NA
pos_1297,NA
pos_1298,NA
pos_1299,ATPA
pos_1300,NA
pos_1301,
pos_1302,NA
pos_1303,
pos_1304,
pos_1305,NA
pos_1306,NA
pos_1307,ALISKIREN HEMIFUMARATE
pos_1308,LysoPC(22:1(13Z))
pos_1309,NA
pos_1310,Suprofen
pos_1311,NA
pos_1312,NA
pos_1313,Ceftriaxone
pos_1314,Coumarin
pos_1315,NA
pos_1316,d-Dethiobiotin
pos_1317,NA
pos_1318,Gly Lys Asn Ser
pos_1319,"(2E,4E)-N-[2-(4-Hydroxyphenyl)ethyl]-2,4-dodecadienamide"
pos_1320,Meradimate
pos_1321,NA
pos_1322,Malyngamide J
pos_1323,NA
pos_1324,
pos_1325,
pos_1326,Uracil
pos_1327,NA
pos_1328,7-HYDROXYETHYLTHEOPHYLLINE
pos_1329,NA
pos_1330,0
pos_1331,Telomestatin
pos_1332,NA
pos_1333,
pos_1334,Gly Lys Asn Ser
pos_1335,4-Methoxybenzenepropanol 1-(2-sulfoglucoside)
pos_1336,"PC(14:0/18:2(11Z,14Z))"
pos_1337,Carboxin
pos_1338,"cis-1,2-Dihydroxy-1,2-dihydrodibenzothiophene"
pos_1339,Costatone
pos_1340,NA
pos_1341,NA
pos_1342,0
pos_1343,NA
pos_1344,
pos_1345,NA
pos_1346,NA
pos_1347,
pos_1348,NA
pos_1349,
pos_1350,Histidylleucine
pos_1351,Dihydroclavaminic acid
pos_1352,Piperazine adipate
pos_1353,"16,16-dimethyl-PGE1"
pos_1354,N-Gluconyl ethanolamine phosphate
pos_1355,NA
pos_1356,NA
pos_1357,NA
pos_1358,NA
pos_1359,Indoxyl
pos_1360,
pos_1361,NA
pos_1362,L-Allysine Ethylene Acetal
pos_1363,Clonidine Metabolite VI
pos_1364,
pos_1365,"7-Hydroxy-4-[(3Z)-5-hydroxy-3-methyl-3-penten-1-yl]-4a,8,8-trimethyl-3-methylenedecahydro-2-naphthalenyl ?-D-mannopyranoside"
pos_1366,NA
pos_1367,5'-CMP
pos_1368,PE(13:0/14:0)[U]
pos_1369,NA
pos_1370,NA
pos_1371,NA
pos_1372,NA
pos_1373,NA
pos_1374,NA
pos_1375,3-Bromosulfolane
pos_1376,"TG(20:3(8Z,11Z,14Z)/20:3(8Z,11Z,14Z)/20:3(8Z,11Z,14Z))"
pos_1377,Benzofuran
pos_1378,Notoginsenoside R10
pos_1379,Metiamide
pos_1380,"2,6-Dibromohydroquinone"
pos_1381,NA
pos_1382,NA
pos_1383,Ala Asp Glu Lys
pos_1384,NA
pos_1385,Glucaric acid lactone
pos_1386,
pos_1387,NA
pos_1388,ALISKIREN HEMIFUMARATE
pos_1389,NA
pos_1390,NA
pos_1391,NA
pos_1392,Indoxacarb
pos_1393,
pos_1394,Glycyl-L-leucine
pos_1395,NA
pos_1396,NA
pos_1397,NA
pos_1398,"Thymidine 3,5-cyclic monophosphate"
pos_1399,4'-Hydroxyflurbiprofen
pos_1400,
pos_1401,D-THREONINE
pos_1402,Glu Thr
pos_1403,Levetiracetam
pos_1404,Diethyl tartrate
pos_1405,NA
pos_1406,NA
pos_1407,2-Deoxyribofuranose 1-phosphate
pos_1408,NA
pos_1409,NA
pos_1410,8-METHYLCAFFEINE
pos_1411,NA
pos_1412,NA
pos_1413,
pos_1414,"s-Triazine, 2-amino-4-morpholino-"
pos_1415,"4,5-Dihydroxysulfadiazine"
pos_1416,Asparaginyl-Isoleucine
pos_1417,Pantothenic Acid
pos_1418,
pos_1419,
pos_1420,NA
pos_1421,
pos_1422,NA
pos_1423,NA
pos_1424,D-Glycerate 3-phosphate
pos_1425,NA
pos_1426,Asparaginyl-Proline
pos_1427,NITROMIDE
pos_1428,
pos_1429,N2-Acetyl-L-aminoadipate
pos_1430,NA
pos_1431,
pos_1432,"16,16-dimethyl-PGE1"
pos_1433,Perfluoroacetyl chloride
pos_1434,
pos_1435,Sulfoacetyl-CoA
pos_1436,NA
pos_1437,Maleamic acid
pos_1438,NA
pos_1439,NA
pos_1440,NA
pos_1441,NA
pos_1442,
pos_1443,Raffinose
pos_1444,
pos_1445,PE(13:0/14:0)[U]
pos_1446,NA
pos_1447,Watasenia luciferin
pos_1448,NA
pos_1449,NA
pos_1450,GALLAMINE
pos_1451,NA
pos_1452,NA
pos_1453,4-Phenylpyridine
pos_1454,"5-butyl-8-methyl-1,2,3,5-tetrahydroindolizine"
pos_1455,"24S-methylcholest-22E-en-3beta,4beta,5alpha,6alpha,8beta,14alpha,15alpha,25,28-nonol"
pos_1456,
pos_1457,NA
pos_1458,BITHIONOL
pos_1459,0
pos_1460,Isoleucyl-Lysine
pos_1461,NA
pos_1462,Rasagiline
pos_1463,
pos_1464,NA
pos_1465,NA
pos_1466,Ile Lys Lys Tyr
pos_1467,N-Nitrosopiperidine
pos_1468,Adenine
pos_1469,NA
pos_1470,NA
pos_1471,
pos_1472,4-Pyrimidine Methanamine (hydrochloride)
pos_1473,N-3-oxo-hexadec-11(Z)-enoyl-L-Homoserine lactone
pos_1474,N-Cyclopropylammeline
pos_1475,
pos_1476,NA
pos_1477,NA
pos_1478,
pos_1479,Phenylheptatriyne
pos_1480,Ile Lys Lys Thr
pos_1481,"13-ethyl-2,17-dihydroxy-18,19-Dinorpregna-4,9,11-trien-20-yn-3-one"
pos_1482,
pos_1483,Tranylcypromine hydrochloride
pos_1484,Levetiracetam
pos_1485,
pos_1486,NA
pos_1487,NA
pos_1488,Meradimate
pos_1489,Thenylchlor
pos_1490,L-Serine
pos_1491,
pos_1492,NA
pos_1493,"24,24-difluoro-1&alpha;,25-dihydroxy-24a-homovitamin D3 / 24,24-difluoro-1&alpha;,25-dihydroxy-24a-homocholecalciferol"
pos_1494,NA
pos_1495,3-Indoleacetonitrile
pos_1496,Glutaminyl-Glutamate
pos_1497,NA
pos_1498,NA
pos_1499,Chlorthal
pos_1500,PS(O-16:0/12:0)
pos_1501,NA
pos_1502,NA
pos_1503,dexpanthenol
pos_1504,
pos_1505,NA
pos_1506,Selenocysteine seleninic acid
pos_1507,"PS(O-16:0/20:2(11Z,14Z))"
pos_1508,
pos_1509,Haloxydine
pos_1510,NA
pos_1511,Formylphosphonate
pos_1512,NA
pos_1513,3-((3-Cholamidopropyl)dimethylammonium)-1-propanesulfonate
pos_1514,NA
pos_1515,NA
pos_1516,NA
pos_1517,Nitrofurazone
pos_1518,NA
pos_1519,NA
pos_1520,C17 Sphinganine
pos_1521,Pyrroline hydroxycarboxylic acid
pos_1522,NA
pos_1523,NA
pos_1524,NA
pos_1525,NA
pos_1526,"PS(O-16:0/20:2(11Z,14Z))"
pos_1527,NA
pos_1528,
pos_1529,Spirolide F
pos_1530,
pos_1531,NA
pos_1532,Spirolide F
pos_1533,
pos_1534,NA
pos_1535,NA
pos_1536,NA
pos_1537,ALLN
pos_1538,NA
pos_1539,
pos_1540,NA
pos_1541,
pos_1542,ALLN
pos_1543,NA
pos_1544,Bacteriorubixanthinal
p4219,L-Lysine
n1141,L-Glutamate
p5346,L-Methionine
n2546,L-Histidine
p4196,L-Citrulline
n2761,L-Tyrosine
p5997,L-Tyrosine methyl ester
n2979,Pantothenate
p2906,5'-Methylthioadenosine
p4309,S-Adenosylmethioninamine
n2067,Ethanolamine phosphate
p1293,4-Guanidinobutanoate
p88,(S)-2-Aceto-2-hydroxybutanoate
p2076,4-Imidazolone-5-propanoate
p1174,L-Carnitine
p2065,L-Phenylalanine
p1199,L-Arginine
p2087,L-Tryptophan
p2059,N2-(D-1-Carboxyethyl)-L-lysine
n1306,Glutathione
p2060,S-Adenosyl-L-methionine
n673,3-O-Mycarosylerythronolide B
p3097,5-Oxoavermectin ''1b'' aglycone
p2717,Avermectin B1b aglycone
p2050,5-Oxoavermectin ''2a'' aglycone
n2803,D-Glucose
n604,Mannitol
n1311,D-Glucuronate
n1771,D-Gluconic acid
n1837,2-Deoxy-D-ribose 5-phosphate
n1174,Hexose phosphate
n1302,D-Sedoheptulose 7-phosphate
p5085,4-O-alpha-L-Rhamnopyranosylglucosinalbin
n2964,ADP
n2893,FMN
p5081,NADP+
p5121,ADP-D-glycero-D-manno-heptose
n1832,3-Deoxy-D-manno-octulosonate
n1277,sn-Glycerol 3-phosphate
p1274,Acetylcholine
n904,2-C-Methyl-D-erythritol 4-phosphate
p3562,sn-glycero-3-Phosphocholine
p1319,4-8dimethylnonanoylcarnitine
p2814,[FA (18:1)] 9Z-octadecenamide
n2880,FA hydroxy(10:0)
n2348,Tetradecanoic acid
n2035,FA(16:1)
p5402,FA(16:1)
n2595,Hexadecanoic acid
n2273,FA(16:0)
n3158,FA methyl(16:1)
n2449,FA hydroxy(16:0)] hexadecanoic acid
n3043,FA (18:2)
n1956,FA (18:1)
n2609,FA dimethyl(16:0)
n2446,Octadecanoic acid
n1499,FA hydroxy (18:2)
n1212,FA hydroxy(18:1)
n1664,FA oxo(18:0)
p4194,decanamide
p4247,"10-Hydroxy-2,8-decadiene-4,6-diynoic acid"
n2749,[FA hydroxy(10:0)] 9-hydroxy-decanoic acid
p5773,"9Z,11E,13-Tetradecatrienal"
p3676,"[FA (16:2)] 7,10-hexadecadiynoic acid"
p1295,"4,7,10,13-Hexadecatetraenoic acid"
p2767,"5Z,9Z-hexadecadienoic acid"
n2708,"[FA trimethyl(13:0)] 4,8,12-trimethyl-tridecanoic acid"
p5600,"[FA oxo(5:1/5:0/6:0)] (1S,2S)-3-oxo-2-(2'Z-pentenyl)cyclopentanehexanoic acid"
n1848,[FA hydroxy(16:1)] (+)-12-hydroxy-9Z-hexadecenoic acid
n3078,[FA (18:1)] 9E-octadecenoic acid
n2674,"[FA dimethyl(16:0)] 2,6-dimethyl-hexadecanoic acid"
n2691,[FA methyl(17:0)] 10-methyl-heptadecanoic acid
p3804,8-(5-hexyl-furan-2-yl)-octanoic acid
p1737,"9-hydroxy-10E,12Z-octadecadienoic acid"
n703,10S-HpOME
p5221,"12-oxo-14,18-dihydroxy-9Z,13E,15Z-octadecatrienoic acid"
n3087,"11,12,13-trihydroxy-9-octadecenoic acid"
p2908,Pipericine
p4881,N-(11Z-eicosaenoyl)-ethanolamine
n3153,10-Hydroxy-16-hentriacontanone
n3139,18-Hydroxy-16-tritriacontanone
n2981,Squamosinin A
p3812,FA (9:2) nonadienoic acid
p3805,FA (10:2) Decadienoic acid
p1715,FA(16:0)
p2091,"2E,7-Octadienoic acid"
p5136,"2,6-Dimethyl-5-heptenoic acid"
p3807,Jasmone
p274,"5-Ethyl-3-methyl-2E,4E,6E-nonatriene"
p5200,"3Z,6E,8E-Dodecatrien-1-ol"
p2089,6-hydroxy-3-isopropenylheptanoic acid
p417,"3,5,7-Trimethyl-2E,4E,6E,8E-undecatetraene"
p425,"5-Ethyl-7-methyl-3E,5E,7E-undecatriene"
p249,"4,8-Dimethyl-4E,8E-decadien-10-olide"
p2093,[FA (10:1/2:0)] 4E-Decenedioic acid
n1280,"2,6-Dimethyl-1,8-octanedioic acid"
p2768,"11E,13-Tetradecadienal"
p5133,5-Oxododecanoic acid
p3742,cis-tetradec-11-enoic acid
p428,7-oxo-11E-Tetradecenoic acid
n1849,[FA oxo(16:2)] cyclopentanehexanoic acid
p4834,"16:2(2E,4E)(4Me,6Me[S])"
n628,[FA (18:1)] 9Z-octadecenoic acid
p5901,"(-)-8-hydroxy-11E,17-octadecadien-9-ynoic acid"
p1803,"14,14,14-Trifluoro-11E-tetradecenyl acetate"
n709,9Z-Octadecenedioic acid
p2909,"N-ethyl-5Z,8Z,11Z,14Z-eicosatetraenoyl amine"
p3152,"11-dehydro-2,3-dinor-TXB2"
p4567,Anandamide
p273,N-palmitoyl threonine
n2135,"GL hydroxy,methyl,trimethyl(40:4)"
p4911,DG(P-32:1)
p2873,DG(36:4)
p2378,DG(36:3)
p1682,MG(0:0/16:0/0:0)
p3345,DG(P-14:0/18:1(9Z)) 1-O-(1Z-Tetradecenyl)-2-(9Z-octadecenoyl)-sn-glycerol
p4315,"DG(14:0/20:4(5Z,8Z,11Z,14Z)/0:0)"
p2384,"[DG(16:1/18:2)] 1-(9Z-hexadecenoyl)-2-(9Z,12Z-octadecadienoyl)-sn-glycerol"
p749,"1,3-diheptadecanoyl-2-hydroxy-glycerol (d5)"
n500,"[DG(18:0/18:0)] 1,2-dioctadecanoyl-rac-glycerol"
p3832,LysoPA(P-16:0)
n2825,LysoPA(16:0)
n3093,LysoPE(15:0)
n1272,LysoPE(16:1)
n941,LysoPE(16:0)
p5938,PE(16:0)
n3081,[LysoPC(14:0)] 1-tetradecanoyl-sn-glycero-3-phosphocholine
n3147,LysoPE(18:2)
n2677,LysoPE(18:0)
n1666,LysoPC(16:1)
p5312,LysoPC(20:0)
p5526,PG(22:1)
p4712,PE(33:0)
p336,PE(34:2)
p433,PE(34:1)
p1904,PC(32:2)
p1631,PC(32:1)
p2103,PE(36:2)
n2279,PG(34:3)
p5682,PC(33:0)
p4780,PC(34:5)
p4027,PC(34:4)
p1752,PC(34:2)
n2541,PC(34:2)
p4893,PS(34:1)
p1126,PS(34:0)
n3071,PG(36:4)
n2955,PE(38:2)
n2181,PC(35:1)
n792,PG(36:2)
n2251,PG(36:1)
n2448,PS(36:4)
n2359,PS(36:3)
p3502,PC(36:2)
p1842,PS(36:0)
p3830,PS(36:0)
p4316,PG(38:5)
n3085,PS(38:4)
n2884,LysoPE(0:0/14:0)
n2133,[LysoPC(14:1)] 1-(9Z-tetradecenoyl)-sn-glycero-3-phosphocholine
n3122,Glycerol 1-(9Z-octadecenoate) 2-tetradecanoate 3-phosphate
n3089,PE(14:1(9Z)/16:1(9Z))
n2896,PE(16:0/14:1(9Z))
n2770,"[PE(15:0/15:0)] 1,2-dipentadecanoyl-sn-glycero-3-phosphoethanolamine"
n3044,[PE(16:0/14:0)] 1-hexadecanoyl-2-tetradecanoyl-sn-glycero-3-phosphoethanolamine
n3016,"[PA(16:0/18:2(9Z,12Z))] 1-hexadecanoyl-2-(9Z,12Z-octadecadienoyl)-sn-glycero-3-phosphate"
n2147,PE(14:1(9Z)/18:1(9Z))
p1642,PE(14:1(9Z)/18:0)
p2276,PE(16:1(9Z)/16:0)
p4861,"PE(18:2(9Z,12Z)/15:0)"
n2058,PE(18:1(9Z)/15:0)
p2336,PE(15:0/18:1(9Z))
n2600,PG(16:1(9Z)/16:1(9Z))
n2052,PG(16:1(9Z)/16:1(9Z))
n1220,PG(16:0/16:1(9Z))
n967,PG(16:0/16:0)
p1936,[PC(14:0/18:1)] 1-tetradecanoyl-2-(11Z-octadecenoyl)-sn-glycero-3-phosphocholine
p3248,PE(15:0/20:1(11Z))
p4971,PS(14:0/18:0)
p4060,"[PS(16:0/16:0)] 1,2-dihexadecanoyl-sn-glycero-3-phosphoserine"
n2854,"PG(16:0/18:3(6Z,9Z,12Z))"
n77,"PG(16:0/18:2(9Z,12Z))"
p1166,"[PC(16:0/18:2)] 1-hexadecanoyl-2-(9Z,12Z-octadecadienoyl)-sn-glycero-3-phosphocholine"
p3594,"PE(15:0/22:2(13Z,16Z))"
p1164,[PC(16:0/18:1)] 1-hexadecanoyl-2-(11Z-octadecenoyl)-sn-glycero-3-phosphocholine
p1626,PS(16:0/18:0)
p5345,"PG(18:2(9Z,12Z)/18:3(6Z,9Z,12Z))"
p2857,"PC(15:0/20:2(11Z,14Z))"
p4251,PC(20:1(11Z)/15:0)
n2690,"PS(16:0/20:3(8Z,11Z,14Z))"
p2742,"[PS(18:0/18:0)] 1,2-dioctadecanoyl-sn-glycero-3-phosphoserine"
p5178,"PC(15:0/22:2(13Z,16Z))"
n1274,PC(15:0)
p260,PA(31:2)
n823,PE(30:1)
n712,PE(32:1)
n497,PS(P-31:0)
n370,PC(O-32:4)
p2061,PI(25:0)
p5604,PC(33:4)
n2598,PS(34:3)
p543,PC(34:0)
p4028,PC(35:5)
p1130,PG(36:5)
p710,PS(O-36:4)
p363,PG(36:4)
p1425,PE(P-40:5)
p3071,PC(36:4)
n1987,PS(38:0)
p2862,PS(38:0)
n363,PS(39:6)
p810,PS(O-40:4)
n1215,[PA(14:0/0:0)] 1-tetradecanoyl-2-sn-glycero-3-phosphate
p2292,"[CPA(16:0)] 1-hexadecanoyl-sn-glycero-2,3-cyclic-phosphate"
p2525,[LysoPC(16:2)] 1-hexadecyl-sn-glycero-3-phosphocholine
n1221,PE(14:1(9Z)/16:0)
p3724,PE(16:1(9Z)/15:0)
n131,PE(18:1(9Z)/14:1(9Z))
p3245,"[PE(16:1/16:1)] 1,2-di-(9Z-hexadecenoyl)-sn-glycero-3-phosphoethanolamine"
p339,[PC(14:0/18:0)] 1-tetradecanoyl-2-octadecanoyl-sn-glycero-3-phosphocholine
p1630,"PG(16:1(9Z)/18:3(9Z,12Z,15Z))"
p1889,"PG(16:1(9Z)/18:3(6Z,9Z,12Z))"
n2615,"PE(15:0/22:2(13Z,16Z))"
p1633,PC(15:0/20:1(11Z))
p638,1-(6-[5]-ladderane-hexanoyl)-2-(8-[3]-ladderane-octanyl)-sn-glycero-3-phospho-(1'-sn-glycerol)
p949,"PS(18:4(6Z,9Z,12Z,15Z)/18:4(6Z,9Z,12Z,15Z))"
n2956,PS(18:0/20:0)
n2345,8-Hydroxydaidzein
p5543,Epicatechin 3-O-(3-O-methylgallate)
n2346,"8,4'-Dihydroxyisoflavone"
p5197,[PR] (+)-exo-5-Hydroxycamphor
p5750,"(2R,4R)-1,2,7,7-tetramethylbicyclo[2.2.1]heptan-2-ol"
p5827,"4,5-Dihydrovomifoliol"
p5316,"3,11,12-Trihydroxy-1(10)-spirovetiven-2-one"
p4611,Sugeonyl acetate
p5062,[PR] Vomitoxin
p1812,Sambutoxin
p5881,"(17alpha,23S)-17,23-Epoxy-29-hydroxy-27-norlanosta-1,8-diene-3,15,24-trione"
p2053,[PR] 4-Hydroxymytiloxanthin
p1926,"(1R,4S)-fenchan-2-one"
p1744,"[PR] (+)-Bornane-2,5-dione"
p3806,Tricycloekasantal
p251,"(1S,2R,4S)-(-)-Bornyl acetate"
p5125,Botrydial
n1855,8-Epiiridotrial glucoside
p4429,Atrovirinone
p2827,"(3beta,17alpha,23S)-17,23-Epoxy-3,29-dihydroxy-27-norlanosta-7,9(11)-diene-15,24-dione"
p1106,Glyuranolide
p4659,Ganoderic acid H
p4858,Hexadecasphinganine
p1920,"[SP hydroxy,hydroxy,methyl(10:2/2:0)] 6R-(8-hydroxydecyl)-2R-(hydroxymethyl)-piperidin-3R-ol"
p1637,[SP (17:0)] heptadecasphinganine
n3113,"N,N-Dimethylsphing-4-enine"
p5540,"[SP amino,tetramethyl(4:0/18:0/3:0)] 2S-amino-5,9,13,17-tetramethyl-8E,16-octadecadiene-1,3R,14-triol"
n2051,IPC(d38:0(OH))
p677,GlcCer(d18:2/21:0)
n2334,Glucosylceramide (d18:1/26:1(17Z))
p3684,Cycloartanyl ferulate
n2434,Ganodosterone
p3105,Muzanzagenin
p2082,"[ST (3:0/3:0/3:0)] (5Z,7E)-(1S,3R,25R)-26,26,26-trifluoro-9,10-seco-5,7,10(19)-cholestatriene-1,3,25-triol"
p4399,Cycloartanyl ferulate
p5817,MOPS
p3612,Thiamin
n3110,Pantetheine 4'-phosphate
p5487,Protoporphyrin
p4888,FAD
p2736,"3-heptaprenyl-4,5-dihydroxybenzoate"
p4054,6-Hydroxypseudooxynicotine
p3675,ubiquinone-7
n2086,AMP
n1143,Urate
n2089,CMP
n1307,UMP
n1316,GMP
p4055,Val-Pro
n1146,Ile-Val
n2753,Ala-Val-Asp-Ser
p4616,Ala-Cys-Pro-Arg
n1262,Asn-Lys-Cys-Pro
p4624,Ala-Trp-Cys-Ser
p3633,Ile-Ile-Met-Val
n3111,Ala-Met-Gln-Gln
p5776,Arg-Cys-Gln-Ser
p5537,Cys-Leu-Trp-Pro
p168,Arg-Val-Asn-His
p4601,Ala-Ala-Asn-Asn
p1331,Ala-Ala-Ala-Tyr
n660,Cys-Phe-Gly-Pro
n720,Ala-Thr-Cys-His
p181,Ala-Leu-Lys-Thr
n713,Ala-Thr-Ser-Tyr
n715,Met-Thr-Pro-Pro
p206,Ala-Lys-Ala-Arg
p2070,Ala-Met-Ala-Arg
p76,Ala-Asp-Pro-Arg
n2001,Asp-Met-Phe-Gly
p4607,Asp-Leu-Lys-Pro
p60,Ala-Met-Val-Arg
p79,Arg-Leu-Cys-Pro
n2754,Asn-Asn-Ser-Tyr
p81,Arg-Met-Val-Pro
n722,Arg-Asn-Asp-Asp
p169,Glu-Lys-Arg-His
p5562,Leu-Gly-Pro
p3238,Lys-Cys-His
p27,Lys-Met-His
p4948,Ile-His-Phe
p2904,Lys-Trp-Pro
p1914,Met-Trp-Asp
p188,Ser-Ser-Arg
p3741,Ile-Ile-Phe
p2072,Trp-Trp-Ala
n1181,L-beta-aspartyl-L-leucine
n1178,L-gamma-glutamyl-L-isoleucine
p4718,Glutamyl-Methionine
n1185,L-Cysteinylglycinedisulfide
p3241,Palmiticamide
p4833,Butadiene-styrene rubber
p4984,Eugenol methyl ether
p5351,"1,4'-Bipiperidine-1'-carboxylic acid"
p3162,2-(3'-methylthio)propylmalate
p4557,(E)-1-Propenyl 1-(propylthio)propyl disulfide
p3686,1-(1-Propenylthio)propyl propyl disulfide
n2544,Rishitin
p5275,Vomifoliol
p4387,"1,8-Diazacyclotetradecane-2,9-dione"
p2853,myristic amide
p4051,L-isoleucyl-L-proline
n2848,Propyl 1-(propylsulfinyl)propyl disulfide
p5564,Hexadeceylamin
p5529,Phencyclidine
n1862,L-rhamnitol-1-phosphate
p5751,ubiquinol-1
p5521,9-Decenoylcholine
p5897,2-Hexenoylcarnitine
n2055,Cardiospermin
n2760,[6]-Paradol
p227,"5beta-Estrane-3alpha,17beta-diol"
p2343,Diplodiatoxin
p1943,N-Hexadecanoylpyrrolidine
p5058,N-(14-Methylhexadecanoyl)pyrrolidine
p5320,6-Keto-decanoylcarnitine
p5223,"3-Acetyl-5alpha-androstane-3beta,17beta-diol 3-acetate"
p1809,Bis(2-ethylhexyl)phthalate
p3067,Di-n-octyl phthalate
p3500,Diisooctyl phthalate
p3841,"17-Propylestra-1,3,5(10)-triene-3,17beta-diol diacetate"
n3127,N-Carbamoyl glucuronide lorcaserin
n2913,beta-Tocotrienol
p5414,Sinalbin
n2236,alpha-Tocotrienol
n3099,cis-(Z)-Flupenthixol
p2913,Cytochalasin Opho
n2428,"glcNAc-1,6-anhMurNAc"
n2343,2-16:1-lysoPG
n1933,1-acyl-sn-glycero-3-phosphoglycerol (n-C16:0)
n3166,tritriacontanoate
n3141,tritriacontanoate
n1131,1-18:1-lysophosphatidylglycerol
n2978,Ajugalactone
n777,1-16:0-2-trans-16:1-phosphatidylglycerol
n1,[PG (16:0/18:1)] 1-Hexadecanoyl-2-(9Z-octadecenoyl)-sn-glycero-3-phospho-sn-glycerol
p4074,[PG (16:0/18:1)] 1-Hexadecanoyl-2-(9Z-octadecenoyl)-sn-glycero-3-phospho-sn-glycerol
n2030,"cyclopropane phosphatidylglycerol (dioctadec-11,12-cyclo-anoyl, n-C18:0 cyclo)"
n2766,"cyclopropane phosphatidylglycerol (dioctadec-11,12-cyclo-anoyl, n-C18:0 cyclo)"
p267,3-Isopropylcatechol
p1589,Methacholine
p5329,&beta;-fenchocamphorone
n1183,validone
p255,3-tert-Butyl-5-methylcatechol
p5139,cis-biphenyl dihydrodiol
p4053,amiclenomycin
p162,2-Amino-5-phosphopentanoic acid
p5448,4-(2-Pyrazinylethenyl)phenol
p3753,2-Hexenoylcholine
n1184,"3-(3,4-Dihydroxypyridin-1-yl)-L-alanine"
p3816,"Isolongifolene, 4,5,9,10-dehydro-"
n2952,3-hydroxy-9-apo-&beta;-caroten-9-one
p245,3-hydroxy-9-apo-&beta;-caroten-9-one
p2770,Precocene 2
p3843,"2,2,4,4,6,6-Hexamethyl-1,3,5-trithiane"
p4248,Dihydrodeoxy-8-epiaustdiol
p242,Rishitin
p2268,Diplosporin
n1833,(S)-ATPA
p1711,Hexadecenal
p5134,Valeroidine
p4118,Hexadeceylamin
p3273,Hexadeceylamin
n1169,N-(6-Aminohexanoyl)-6-aminohexanoate
p3153,"3',4',5'-Trimethoxycinnamyl alcohol acetate"
p74,Artecanin
p34,Hymenoflorin
p1961,Colestipol
p3157,2-Phenylethyl beta-D-glucopyranoside
p5859,3-Hydroxy-palmitic acid methyl ester
p3569,Methyl 2-(4-isopropyl-4-methyl-5-oxo-2-imidazolin-2-yl)-p-toluate
p43,Tutin
n1857,Toxin T2 tetrol
p1314,psicoselysine
p234,(+)-Prosopinine
p1719,1-O-Hexadecyl-sn-glycerol
p4610,Europine
p1929,1-Dehydro-9-fluoro-11-oxotestololactone
p4768,"4,4-Difluoro-17beta-hydroxy-17alpha-methyl-androst-5-en-3-one"
p1883,1-O-Octadecyl-sn-glycerol
p3689,OH-DDVA meta-cleavage product
p1835,13-14-DihydroPGF-1a
p411,"(9S,10S)-10-Hydroxy-9-(phosphonooxy)octadecanoate"
n825,Flavanone 7-O-beta-D-glucoside
p5726,"6-Hydroxy-9,9-dimethyl-5-(3-methyl-1-oxobutyl)-1-propyl-3H,9H-[1,2]-dioxolo[3',4':4,5]furo[2,3-f][1]benzopyran-3-one"
n2966,Sinalbin
p328,S-Decyl GSH
n2788,tritriacontanoate
n623,1-acyl-sn-glycero-3-phosphoglycerol (n-C18:0)
p3096,Lithocholate3-O-glucuronide
p3573,Huratoxin
n651,chlorophyll c2
p1545,"Riboflavine 2',3',4',5'-tetrabutanoate"
p1651,Spinoside A
n780,"phosphatidylglycerol (dihexadec-9-enoyl, n-C16:1)"
p4940,Spinosyn D
p5495,"Fd&c blue no. 1, aluminum lake"
n1844,1-20:0-2-18:1-phosphatidylserine
n757,1-20:0-2-18:1-phosphatidylserine
